hotel_id,hotel_name,city,district_category,distance_to_center,distance_to_airport_km,price_per_night,room_type_used_for_price,refundable,overall_rating,rating_staff,rating_cleanliness,rating_comfort,rating_facilities,rating_location,rating_value,rating_wifi,number_of_rooms,stars,has_free_wifi,has_breakfast,has_parking,has_air_conditioning,has_pool,has_spa,has_fitness_center,has_restaurant,has_bar,has_room_service,has_airport_shuttle,has_24h_front_desk,has_non_smoking_rooms,has_family_rooms,has_pet_friendly,has_elevator,number_of_reviews,check_in_time,check_out_time
1,"The Ritz-Carlton, Almaty",Almaty,Bostandyk,3.0,18.0,450000,Deluxe King,TRUE,9,"9,2","9,3","9,4","9,2","9,2","8,2","9,1",145,5,TRUE,FALSE,TRUE,TRUE,TRUE,TRUE,TRUE,TRUE,TRUE,TRUE,TRUE,TRUE,TRUE,TRUE,TRUE,TRUE,1200,15:00,12:00
2,InterContinental Almaty,Almaty,Bostandyk,2.0,17.0,220000,Superior King,TRUE,"8,7",9,"8,9","8,8","8,6","8,9","8,1","8,3",277,5,TRUE,FALSE,TRUE,TRUE,TRUE,TRUE,TRUE,TRUE,TRUE,TRUE,TRUE,TRUE,TRUE,TRUE,FALSE,TRUE,950,14:00,12:00
3,Rahat Palace Hotel,Almaty,Bostandyk,3.5,19.0,130000,Standard Double,TRUE,"8,6","8,8","8,8","8,8","8,7",9,"8,3",9,285,5,TRUE,TRUE,TRUE,TRUE,TRUE,TRUE,TRUE,TRUE,TRUE,TRUE,FALSE,TRUE,TRUE,TRUE,FALSE,TRUE,900,14:00,12:00
4,Swiss√¥tel Wellness Resort Alatau Almaty,Almaty,Bostandyk,12.0,25.0,180000,Superior King,TRUE,"9,1","9,1","9,3","9,3","9,4","9,2","8,5","9,1",241,5,TRUE,TRUE,TRUE,TRUE,TRUE,TRUE,TRUE,TRUE,TRUE,TRUE,TRUE,TRUE,TRUE,TRUE,TRUE,TRUE,400,15:00,12:00
5,DoubleTree by Hilton Almaty,Almaty,Almaly,1.5,16.0,120000,King Guest Room,TRUE,"7,9","8,4","8,2","8,5","7,8","8,4","7,2","8,9",112,4,TRUE,FALSE,TRUE,TRUE,TRUE,TRUE,TRUE,TRUE,TRUE,TRUE,FALSE,TRUE,TRUE,TRUE,TRUE,TRUE,800,14:00,12:00
6,Novotel Almaty City Center,Almaty,Medeu,1.0,16.0,110000,Standard Double,TRUE,"8,4","8,6","8,4","8,7","8,3","9,3","7,5","8,5",190,4,TRUE,FALSE,TRUE,TRUE,FALSE,FALSE,TRUE,TRUE,TRUE,TRUE,FALSE,TRUE,TRUE,TRUE,TRUE,TRUE,700,14:00,12:00
7,Mercure Almaty City Center,Almaty,Almaly,0.8,14.0,95000,Superior Double,TRUE,9,"9,3","9,3","9,3",9,"9,3","8,5","8,6",117,4,TRUE,FALSE,TRUE,TRUE,FALSE,TRUE,TRUE,TRUE,TRUE,TRUE,TRUE,TRUE,TRUE,TRUE,FALSE,TRUE,650,14:00,12:00
8,Holiday Inn Almaty,Almaty,Bostandyk,2.5,17.0,90000,Standard Double,TRUE,"7,8","8,4",8,"8,2","7,9","8,5","7,5",8,227,4,TRUE,FALSE,TRUE,TRUE,FALSE,FALSE,TRUE,TRUE,TRUE,TRUE,FALSE,TRUE,TRUE,TRUE,TRUE,TRUE,600,14:00,12:00
9,Holiday Inn Express Almaty,Almaty,Almaly,1.2,15.0,75000,Standard Double,TRUE,"8,3","8,5","8,4","8,5",8,"8,7","7,9","8,3",180,3,TRUE,TRUE,TRUE,TRUE,FALSE,FALSE,TRUE,FALSE,FALSE,FALSE,FALSE,TRUE,TRUE,TRUE,TRUE,TRUE,350,14:00,12:00
10,ibis Almaty Jetisu,Almaty,Almaly,0.5,14.0,60000,Standard Double,TRUE,"8,8","9,1","8,9",9,"8,7","9,5","8,2","8,8",166,3,TRUE,FALSE,TRUE,TRUE,FALSE,FALSE,FALSE,TRUE,TRUE,FALSE,FALSE,TRUE,TRUE,TRUE,TRUE,TRUE,500,14:00,12:00
11,Kazakhstan Hotel,Almaty,Medeu,1.5,16.0,80000,Standard Double,TRUE,"7,9","8,2","8,2","8,4","7,9","9,3","7,6","7,4",202,4,TRUE,TRUE,TRUE,TRUE,FALSE,TRUE,FALSE,TRUE,TRUE,TRUE,TRUE,TRUE,TRUE,TRUE,FALSE,TRUE,1800,14:00,12:00
12,Grand Hotel Tien Shan,Almaty,Medeu,0.7,15.0,100000,Superior Double,TRUE,"8,2","8,4","8,5","8,6","8,1","9,3",8,"8,3",78,4,TRUE,TRUE,TRUE,TRUE,TRUE,TRUE,TRUE,TRUE,TRUE,TRUE,TRUE,TRUE,TRUE,TRUE,FALSE,TRUE,312,14:00,12:00
13,Royal Park Hotel Almaty,Almaty,Alatau,9.0,4.0,70000,Standard Double,TRUE,"8,3","8,4","8,6","8,5","8,3","8,2","8,4","8,4",181,3,TRUE,TRUE,TRUE,TRUE,FALSE,FALSE,FALSE,TRUE,TRUE,TRUE,TRUE,TRUE,TRUE,TRUE,FALSE,TRUE,300,14:00,12:00
14,Uyut Hotel,Almaty,Almaly,2.0,13.0,80000,Standard Double,TRUE,"8,7","8,8",9,9,"8,7","9,2","8,5","9,2",107,4,TRUE,TRUE,TRUE,TRUE,FALSE,TRUE,FALSE,TRUE,TRUE,TRUE,TRUE,TRUE,TRUE,TRUE,FALSE,TRUE,900,14:00,12:00
15,Almaty Hotel,Almaty,Medeu,0.3,15.0,65000,Superior Twin,TRUE,"8,5","8,8","8,8","8,8","8,3","9,6","8,2","8,1",255,3,TRUE,TRUE,TRUE,TRUE,FALSE,FALSE,FALSE,TRUE,TRUE,TRUE,TRUE,TRUE,TRUE,TRUE,FALSE,TRUE,1300,14:00,12:00
16,Hotel Alma,Almaty,Medeu,1.0,14.0,55000,Standard Double,TRUE,"8,5","8,8","8,5","8,4","8,2","9,1","8,4","7,7",31,3,TRUE,TRUE,TRUE,TRUE,FALSE,TRUE,TRUE,FALSE,FALSE,FALSE,FALSE,TRUE,TRUE,TRUE,FALSE,FALSE,250,14:00,12:00
17,Renion Park Hotel,Almaty,Almaly,0.6,14.0,85000,Standard Double,TRUE,"8,5","8,9","8,6","8,7","8,4","9,2","8,3","8,3",100,4,TRUE,TRUE,TRUE,TRUE,TRUE,TRUE,TRUE,TRUE,TRUE,TRUE,TRUE,TRUE,TRUE,TRUE,FALSE,TRUE,600,14:00,12:00
18,Resident City Hotel,Almaty,Almaly,0.4,13.0,60000,Standard Double,TRUE,9,"9,2","9,2","9,2",9,9,"8,7","8,6",80,3,TRUE,TRUE,TRUE,TRUE,FALSE,FALSE,FALSE,FALSE,FALSE,FALSE,FALSE,TRUE,TRUE,TRUE,FALSE,TRUE,300,14:00,12:00
19,Keremet Hotel,Almaty,Bostandyk,3.5,18.0,45000,Standard Double,TRUE,"8,3","8,8","8,6","8,6","8,3","9,2","8,4","7,7",40,3,TRUE,TRUE,TRUE,TRUE,FALSE,FALSE,FALSE,FALSE,FALSE,FALSE,FALSE,TRUE,TRUE,TRUE,FALSE,FALSE,90,14:00,12:00
20,"The Ritz-Carlton, Astana",Astana,Yesil,2.0,18.0,420000,Deluxe King,TRUE,"9,4","9,5","9,5","9,6","9,6","9,7","9,1","9,5",157,5,TRUE,FALSE,TRUE,TRUE,TRUE,TRUE,TRUE,TRUE,TRUE,TRUE,TRUE,TRUE,TRUE,TRUE,TRUE,TRUE,500,15:00,12:00
21,The St. Regis Astana,Astana,Yesil,3.0,19.0,380000,Deluxe King,TRUE,"9,5","9,5","9,6","9,7","9,6","9,4","9,2","9,5",120,5,TRUE,FALSE,TRUE,TRUE,TRUE,TRUE,TRUE,TRUE,TRUE,TRUE,TRUE,TRUE,TRUE,TRUE,TRUE,TRUE,300,15:00,12:00
22,Rixos President Astana,Astana,Yesil,1.5,17.0,190000,Superior King,TRUE,"9,2","9,3","9,3","9,3","9,3","9,5","8,8","8,5",184,5,TRUE,TRUE,TRUE,TRUE,TRUE,TRUE,TRUE,TRUE,TRUE,TRUE,TRUE,TRUE,TRUE,TRUE,FALSE,TRUE,750,14:00,12:00
23,Hilton Astana,Astana,Yesil,5.0,10.0,150000,King Guest Room,TRUE,"8,9","9,1","9,3","9,1",9,"9,4","8,2","8,4",253,5,TRUE,FALSE,TRUE,TRUE,TRUE,TRUE,TRUE,TRUE,TRUE,TRUE,TRUE,TRUE,TRUE,TRUE,FALSE,TRUE,600,14:00,12:00
24,Sheraton Astana Hotel,Astana,Yesil,2.5,16.0,170000,Deluxe King,TRUE,9,"9,1","9,1","9,2",9,"9,5","8,6",9,191,5,TRUE,FALSE,TRUE,TRUE,TRUE,TRUE,TRUE,TRUE,TRUE,TRUE,TRUE,TRUE,TRUE,TRUE,TRUE,TRUE,320,15:00,12:00
25,Radisson Hotel Astana,Astana,Saryarka,1.0,18.0,130000,Superior Double,TRUE,"8,2","8,7","8,5","8,6","8,1","8,9","7,8","7,8",181,5,TRUE,TRUE,TRUE,TRUE,TRUE,TRUE,TRUE,TRUE,TRUE,TRUE,FALSE,TRUE,TRUE,TRUE,FALSE,TRUE,650,14:00,12:00
26,Wyndham Garden Astana,Astana,Yesil,7.0,10.0,95000,Standard King,TRUE,"9,1","9,2","9,2","9,2","9,2","8,9","8,8","8,6",186,4,TRUE,TRUE,TRUE,TRUE,FALSE,TRUE,TRUE,TRUE,TRUE,TRUE,FALSE,TRUE,TRUE,TRUE,TRUE,TRUE,400,14:00,12:00
27,Hilton Garden Inn Astana,Astana,Yesil,2.0,16.0,90000,Queen Room,TRUE,"9,3","9,6","9,4","9,4","9,2","9,5",9,"8,6",248,4,TRUE,FALSE,TRUE,TRUE,FALSE,FALSE,TRUE,TRUE,TRUE,TRUE,FALSE,TRUE,TRUE,TRUE,TRUE,TRUE,625,14:00,12:00
28,Best Western Plus Astana,Astana,Yesil,1.2,16.0,80000,Standard Double,TRUE,8,"8,5","8,1","8,2","7,8","9,3",8,"8,4",96,4,TRUE,TRUE,TRUE,TRUE,FALSE,FALSE,TRUE,TRUE,TRUE,TRUE,FALSE,TRUE,TRUE,TRUE,TRUE,TRUE,94,14:00,12:00
29,Park Inn by Radisson Astana,Astana,Saryarka,1.8,18.0,70000,Standard Double,TRUE,8,"8,2",8,"8,3","7,9","8,6","7,4","7,8",248,3,TRUE,TRUE,TRUE,TRUE,FALSE,FALSE,TRUE,TRUE,TRUE,TRUE,FALSE,TRUE,TRUE,TRUE,TRUE,TRUE,274,14:00,12:00
30,ibis Astana,Astana,Saryarka,2.5,17.0,55000,Standard Double,TRUE,"7,9","8,7","8,1","8,1","7,8","8,6","7,9","8,9",249,3,TRUE,FALSE,TRUE,TRUE,FALSE,FALSE,FALSE,TRUE,TRUE,FALSE,FALSE,TRUE,TRUE,TRUE,TRUE,TRUE,220,14:00,12:00
31,King Hotel Astana,Astana,Saryarka,1.5,18.0,60000,Standard Double,TRUE,8,"8,3","8,1","8,1","7,9","8,3","8,2","7,5",478,4,TRUE,TRUE,TRUE,TRUE,FALSE,TRUE,TRUE,TRUE,TRUE,TRUE,FALSE,TRUE,TRUE,TRUE,FALSE,TRUE,1466,14:00,12:00
32,Comfort Hotel Astana,Astana,Saryarka,3.0,19.0,75000,Superior Double,TRUE,"8,3","8,9","8,5","8,5","8,3","8,7","8,4","8,7",105,4,TRUE,TRUE,TRUE,TRUE,FALSE,TRUE,TRUE,TRUE,FALSE,TRUE,FALSE,TRUE,TRUE,TRUE,FALSE,TRUE,260,14:00,12:00
33,Hotel Tengri,Astana,Saryarka,2.8,18.0,45000,Standard Twin,TRUE,"6,8","7,5",7,"7,4","6,7","7,7","7,2","7,5",128,3,TRUE,TRUE,TRUE,TRUE,FALSE,FALSE,FALSE,TRUE,TRUE,TRUE,FALSE,TRUE,TRUE,TRUE,FALSE,TRUE,200,14:00,12:00
34,Jumbaktas Hotel Astana,Astana,Saryarka,2.0,17.0,65000,Standard Double,TRUE,"8,1","8,4","8,6","8,6","8,3",9,8,"7,5",60,4,TRUE,TRUE,TRUE,TRUE,FALSE,TRUE,TRUE,TRUE,TRUE,TRUE,FALSE,TRUE,TRUE,TRUE,FALSE,TRUE,152,14:00,12:00
35,Astana Central Hotel,Astana,Saryarka,1.0,17.0,50000,Standard Double,TRUE,"8,1","8,5","8,2",8,"7,9","8,4","8,4",8,70,3,TRUE,TRUE,TRUE,TRUE,FALSE,FALSE,FALSE,TRUE,FALSE,TRUE,FALSE,TRUE,TRUE,TRUE,FALSE,TRUE,180,14:00,12:00
36,Union Plaza Hotel,Astana,Saryarka,2.2,18.0,45000,Standard Double,TRUE,"8,4","8,9","8,4","8,5","8,3",9,"8,3","7,6",60,3,TRUE,TRUE,TRUE,TRUE,FALSE,FALSE,FALSE,TRUE,FALSE,TRUE,FALSE,TRUE,TRUE,TRUE,FALSE,TRUE,90,14:00,12:00
37,Hotel Botakoz,Astana,Saryarka,3.5,19.0,35000,Standard Double,TRUE,"8,2","8,9","8,4","8,2","7,9","9,1","8,3","7,5",40,3,TRUE,TRUE,TRUE,TRUE,FALSE,FALSE,FALSE,FALSE,FALSE,FALSE,FALSE,TRUE,TRUE,TRUE,FALSE,FALSE,60,14:00,12:00
38,Hampton by Hilton Astana Triumphal Arch,Astana,Yesil,5.5,12.0,65000,Queen Room,TRUE,"8,7","8,9","8,7","8,8","8,5","9,1","8,3","8,5",120,3,TRUE,TRUE,TRUE,TRUE,FALSE,FALSE,TRUE,FALSE,FALSE,FALSE,FALSE,TRUE,TRUE,TRUE,TRUE,TRUE,90,14:00,12:00
39,Rixos Khadisha Shymkent,Shymkent,city_center_premium,"0,5",12,95000,Deluxe King Room,TRUE,"8,6","8,6","8,6","8,7","8,5","9,3",8,"7,7",180,5,TRUE,TRUE,TRUE,TRUE,TRUE,TRUE,TRUE,TRUE,TRUE,TRUE,TRUE,TRUE,TRUE,TRUE,TRUE,TRUE,850,15:00,12:00
40,DoubleTree by Hilton Shymkent,Shymkent,city_center,"0,8",13,78000,Queen Guest Room,TRUE,"8,9",9,"9,1","9,2",9,"9,1","8,8","8,7",130,4,TRUE,TRUE,TRUE,TRUE,TRUE,TRUE,TRUE,TRUE,TRUE,TRUE,TRUE,TRUE,TRUE,TRUE,FALSE,TRUE,620,14:00,12:00
41,Shymkent Grand Hotel,Shymkent,city_center,"0,4",11,48000,Standard Double Room,TRUE,9,9,9,9,"8,9","9,5","8,9","8,5",150,4,TRUE,TRUE,TRUE,TRUE,FALSE,TRUE,TRUE,TRUE,TRUE,TRUE,FALSE,TRUE,TRUE,TRUE,FALSE,TRUE,540,14:00,12:00
42,Aidana Plaza Hotel,Shymkent,central_business,1,12,42000,Standard Twin Room,TRUE,"9,2","9,3","9,3","9,3","9,2","9,6","9,2",9,80,4,TRUE,TRUE,TRUE,TRUE,FALSE,FALSE,TRUE,TRUE,TRUE,TRUE,FALSE,TRUE,TRUE,TRUE,FALSE,TRUE,310,14:00,12:00
43,Ramada by Wyndham Shymkent,Shymkent,central,"0,1",13,55000,Superior Double Room,TRUE,9,"8,9","9,1","9,1",9,9,9,"7,9",95,4,TRUE,TRUE,TRUE,TRUE,TRUE,TRUE,TRUE,TRUE,TRUE,TRUE,TRUE,TRUE,TRUE,TRUE,TRUE,TRUE,270,14:00,12:00
44,City Hotel Shymkent,Shymkent,city_center,"0,7",11,36000,Standard Double Room,TRUE,"8,6","8,9","8,8","8,7","8,5","9,4","8,5","7,5",70,3,TRUE,TRUE,TRUE,TRUE,FALSE,FALSE,FALSE,TRUE,TRUE,TRUE,FALSE,TRUE,TRUE,TRUE,FALSE,TRUE,260,13:00,12:00
45,Qazaq Hotel Premium,Shymkent,near_center,"0,1",12,39000,Standard Double Room,TRUE,"9,3","9,2","9,4","9,5","9,4","8,8","9,3",10,65,4,TRUE,TRUE,TRUE,TRUE,FALSE,FALSE,TRUE,TRUE,TRUE,TRUE,FALSE,TRUE,TRUE,TRUE,FALSE,TRUE,210,14:00,12:00
46,Tourist Hotel Shymkent,Shymkent,park_area,2,11,28000,Standard Twin Room,FALSE,"8,3","8,9","8,7","8,2","8,2","8,4","8,5","7,5",90,3,TRUE,TRUE,TRUE,TRUE,FALSE,FALSE,FALSE,TRUE,TRUE,TRUE,FALSE,TRUE,TRUE,TRUE,FALSE,TRUE,190,13:00,12:00
47,Megapolis Hotel Shymkent,Shymkent,central,"0,1",12,34000,Standard Double Room,TRUE,"9,3","9,5","9,4","9,3","9,2","9,5","9,3","9,2",75,3,TRUE,TRUE,TRUE,TRUE,FALSE,FALSE,TRUE,TRUE,TRUE,TRUE,FALSE,TRUE,TRUE,TRUE,FALSE,TRUE,230,14:00,12:00
48,MirOtel Shymkent,Shymkent,new_center,"0,1",13,60000,Superior King Room,TRUE,"9,2","9,2","9,3","9,4","9,1","9,2","9,2","8,5",110,4,TRUE,TRUE,TRUE,TRUE,TRUE,TRUE,TRUE,TRUE,TRUE,TRUE,TRUE,TRUE,TRUE,TRUE,TRUE,TRUE,410,15:00,12:00
49,Express City Hotel,Shymkent,near_station,"0,2",10,26000,Standard Double Room,FALSE,"8,7","9,4","8,8","8,6","8,6","9,4","8,8","8,9",55,3,TRUE,TRUE,TRUE,TRUE,FALSE,FALSE,FALSE,TRUE,FALSE,TRUE,FALSE,TRUE,TRUE,FALSE,FALSE,FALSE,150,13:00,12:00
50,FM Hotel Shymkent,Shymkent,near_center,"0,1",11,27000,Standard Double Room,TRUE,"8,9","9,1","9,1","8,9","8,9","9,3","8,9","8,6",45,3,TRUE,TRUE,TRUE,TRUE,FALSE,FALSE,FALSE,TRUE,FALSE,TRUE,FALSE,TRUE,TRUE,TRUE,FALSE,FALSE,120,13:00,12:00
51,Pana Boutique Hotel,Shymkent,suburban_upscale,4,9,43000,Boutique Double Room,TRUE,"9,4","9,4","9,5","9,5","9,4","9,1","9,3","8,7",40,4,TRUE,TRUE,TRUE,TRUE,TRUE,TRUE,TRUE,TRUE,TRUE,TRUE,FALSE,TRUE,TRUE,TRUE,TRUE,TRUE,180,15:00,12:00
52,Alpen Park Hotel,Shymkent,recreation_area,"0,5",10,38000,Standard Chalet Room,FALSE,"7,8","8,4","9,1","9,1","7,5","9,1","7,8",10,50,4,TRUE,TRUE,TRUE,TRUE,TRUE,TRUE,FALSE,TRUE,TRUE,TRUE,FALSE,TRUE,TRUE,TRUE,TRUE,FALSE,140,14:00,12:00
53,Seoul Hotel Shymkent,Shymkent,near_center,"2,2",13,30000,Standard Double Room,TRUE,"8,4","8,8","8,7","8,6","8,4","8,4","8,5",6,45,3,TRUE,TRUE,TRUE,TRUE,FALSE,FALSE,FALSE,TRUE,TRUE,TRUE,FALSE,TRUE,TRUE,TRUE,FALSE,FALSE,110,13:00,12:00
54,Edem Hotel Shymkent,Shymkent,residential,"5,1",15,24000,Standard Double Room,FALSE,"9,3","8,9",9,"8,8","8,9","8,7","8,8",10,35,3,TRUE,TRUE,TRUE,TRUE,FALSE,FALSE,FALSE,FALSE,FALSE,TRUE,FALSE,TRUE,TRUE,FALSE,FALSE,FALSE,95,13:00,12:00
55,Sweet Home Art Boutique,Shymkent,creative_quarter,"4,7",14,33000,Boutique Double Room,TRUE,"9,1","9,2","9,3","9,3","9,1","8,3","9,3","7,3",25,3,TRUE,TRUE,TRUE,TRUE,FALSE,FALSE,FALSE,FALSE,TRUE,TRUE,FALSE,FALSE,TRUE,TRUE,TRUE,FALSE,130,14:00,11:00
56,Kainar Hotel,Shymkent,recreation_area,"8,7",15,50000,Deluxe Double Room,TRUE,"9,1","9,2","9,2","9,3","9,2","9,4","9,1","8,6",85,4,TRUE,TRUE,TRUE,TRUE,TRUE,TRUE,TRUE,TRUE,TRUE,TRUE,FALSE,TRUE,TRUE,TRUE,TRUE,TRUE,200,14:00,12:00
57,Orbita Boutique Hotel,Shymkent,near_park,"2,2",9,37000,Boutique Double Room,TRUE,"9,5","9,7","9,6","9,5","9,5","8,8","9,6","9,9",30,3,TRUE,TRUE,TRUE,TRUE,FALSE,FALSE,FALSE,TRUE,TRUE,TRUE,FALSE,FALSE,TRUE,TRUE,TRUE,FALSE,160,14:00,11:00
58,Grand Way Hotel,Taraz,Central,"0,8",8,55000,Standard Double,TRUE,9,9,"9,4","9,4","9,2","9,2",9,"7,8",50,4,TRUE,TRUE,TRUE,TRUE,FALSE,TRUE,FALSE,TRUE,TRUE,TRUE,FALSE,TRUE,TRUE,TRUE,FALSE,TRUE,210,14:00,12:00
59,Keruen Deluxe Hotel,Taraz,Central,"1,8",9,60000,Superior Double,TRUE,9,"8,9","9,2","9,4","9,1",9,"9,4",8,45,4,TRUE,TRUE,TRUE,TRUE,FALSE,TRUE,TRUE,TRUE,TRUE,TRUE,FALSE,TRUE,TRUE,TRUE,FALSE,TRUE,150,14:00,12:00
60,Pride Hotel Taraz,Taraz,Central,"1,3",7,50000,Standard Double,TRUE,9,"9,3","9,1","9,1",9,"9,1","9,1","8,6",40,4,TRUE,TRUE,TRUE,TRUE,FALSE,FALSE,FALSE,TRUE,FALSE,TRUE,FALSE,TRUE,TRUE,TRUE,FALSE,FALSE,110,14:00,12:00
61,Demir Hotel Taraz,Taraz,Central,"2,4",7,48000,Standard Double,TRUE,10,"8,9","9,9","9,9",10,"9,7","9,9",10,35,3,TRUE,TRUE,TRUE,TRUE,FALSE,FALSE,FALSE,TRUE,TRUE,TRUE,FALSE,TRUE,TRUE,TRUE,FALSE,FALSE,95,14:00,12:00
62,Residence Hotel & Spa Taraz,Taraz,Central,"0,9",8,70000,Deluxe Double,TRUE,"9,2","9,2","9,1","9,3","9,2","9,2","9,1","8,8",45,4,TRUE,TRUE,TRUE,TRUE,TRUE,TRUE,TRUE,TRUE,TRUE,TRUE,TRUE,TRUE,TRUE,TRUE,FALSE,TRUE,130,14:00,12:00
63,Hotel Zhambyl,Taraz,Central,"0,5",10,40000,Standard Twin,TRUE,"7,9","8,7","8,5","8,5",8,"9,7","8,3","6,5",80,3,TRUE,TRUE,TRUE,TRUE,FALSE,FALSE,FALSE,TRUE,TRUE,TRUE,FALSE,TRUE,TRUE,TRUE,FALSE,TRUE,200,13:00,12:00
64,Voyazh Hotel,Taraz,Central,2,10,35000,Standard Double,TRUE,"8,8",9,"8,7","8,7","9,1","8,8","9,6","7,5",35,3,TRUE,TRUE,TRUE,TRUE,FALSE,FALSE,FALSE,TRUE,FALSE,TRUE,FALSE,TRUE,TRUE,TRUE,FALSE,FALSE,120,13:00,12:00
65,Shahristan Hotel,Taraz,Old town,2,11,52000,Superior Double,TRUE,"9,3",10,"9,2",10,10,10,"9,2",8,30,4,TRUE,TRUE,TRUE,TRUE,FALSE,FALSE,FALSE,TRUE,TRUE,TRUE,FALSE,TRUE,TRUE,TRUE,FALSE,FALSE,85,14:00,12:00
66,Uyutnyy Dom,Taraz,Residential,"3,4",5,28000,Standard Double,TRUE,"9,3","9,4","9,4","9,5","9,2","8,8","9,4","9,4",20,3,TRUE,FALSE,TRUE,TRUE,FALSE,FALSE,FALSE,FALSE,FALSE,FALSE,FALSE,TRUE,TRUE,FALSE,FALSE,FALSE,70,13:00,11:00
67,Sequioia Boutique Hotel,Taraz,Residential,"2,2",10,45000,Boutique Double,TRUE,"9,5","9,8","9,8","9,7","9,6","9,1","9,6","8,4",25,3,TRUE,TRUE,TRUE,TRUE,FALSE,FALSE,FALSE,TRUE,TRUE,TRUE,FALSE,TRUE,TRUE,TRUE,FALSE,FALSE,60,14:00,12:00
68,Inju Hotel Taraz,Taraz,Central,"0,8",10,38000,Standard Double,TRUE,"7,6","7,8","7,5","7,6","7,3","8,7","7,8","8,3",30,3,TRUE,TRUE,TRUE,TRUE,FALSE,FALSE,FALSE,TRUE,FALSE,TRUE,FALSE,TRUE,TRUE,TRUE,FALSE,FALSE,75,13:00,12:00
69,Ayu Hotel Taraz,Taraz,Residential,3.5,9.5,30000,Standard Twin,TRUE,7,8,"7,8","7,3","7,4","7,5","8,4","7,8",25,3,TRUE,TRUE,TRUE,TRUE,FALSE,FALSE,FALSE,TRUE,FALSE,TRUE,FALSE,TRUE,TRUE,TRUE,FALSE,FALSE,55,13:00,11:00
70,Asia Hotel Taraz,Taraz,Near airport,"3,4",5,32000,Standard Double,TRUE,"8,3","8,6","8,3","8,6","8,4","7,8","8,6",8,15,3,TRUE,FALSE,TRUE,TRUE,FALSE,FALSE,FALSE,FALSE,FALSE,FALSE,FALSE,TRUE,TRUE,FALSE,FALSE,FALSE,40,13:00,11:00
71,Daniko Hotel,Taraz,Central,"1,1","12,7",42000,Standard Double,TRUE,"8,3","8,7","8,3","8,1",8,"8,4","8,4","8,1",28,3,TRUE,TRUE,TRUE,TRUE,FALSE,FALSE,FALSE,TRUE,FALSE,TRUE,FALSE,TRUE,TRUE,TRUE,FALSE,FALSE,65,13:00,12:00
72,Iris Lux Hotel,Taraz,Residential,"1,4",9,37000,Standard Double,TRUE,"7,9","8,1","8,2","8,4","8,2","8,2","8,4",8,22,3,TRUE,TRUE,TRUE,TRUE,FALSE,FALSE,FALSE,TRUE,TRUE,TRUE,FALSE,TRUE,TRUE,TRUE,FALSE,FALSE,50,13:00,11:00
73,Keruen Hotel Taraz,Taraz,Near highway,"1,2",9,30000,Standard Twin,TRUE,"8,9","9,2","9,1",9,"8,9",9,9,"7,2",30,3,TRUE,FALSE,TRUE,TRUE,FALSE,FALSE,FALSE,TRUE,FALSE,FALSE,FALSE,TRUE,TRUE,FALSE,FALSE,FALSE,40,13:00,11:00
74,Taraz Palace Hotel,Taraz,Central,"0,9",10,49000,Superior Double,TRUE,8,"8,4","8,2","8,1","8,2","8,5","8,2","6,5",40,4,TRUE,TRUE,TRUE,TRUE,FALSE,FALSE,FALSE,TRUE,TRUE,TRUE,FALSE,TRUE,TRUE,TRUE,FALSE,TRUE,90,14:00,12:00
75,Guest House Chalet Taraz,Taraz,Suburban,"4,5","10,5",27000,Double Room,TRUE,"8,2","8,8","8,1",8,"7,8","7,6","8,7",8,18,3,TRUE,FALSE,TRUE,TRUE,FALSE,FALSE,FALSE,FALSE,FALSE,FALSE,FALSE,FALSE,TRUE,TRUE,FALSE,FALSE,45,13:00,11:00
76,Taraz Grand ,Taraz,Central,1,8,15000,Bed in 6-Bed Dorm,FALSE,"7,9","8,4","7,6","7,2","7,9","8,5","8,8","7,9",10,2,TRUE,FALSE,TRUE,FALSE,FALSE,FALSE,FALSE,FALSE,FALSE,FALSE,FALSE,FALSE,TRUE,FALSE,FALSE,FALSE,35,12:00,10:00
77,Rixos Water World Aktau,Aktau,seaside_resort,20.0,45.0,138628,Deluxe King Room,FALSE,"8,6","8,6","9,0","9,0","8,9","8,8","8,1","8,5",190,5,TRUE,TRUE,TRUE,TRUE,TRUE,TRUE,TRUE,TRUE,TRUE,TRUE,TRUE,TRUE,TRUE,TRUE,FALSE,TRUE,630,14:00,11:00
78,Caspian Riviera Grand Palace Hotel,Aktau,seaside_city,3.0,28.0,35418,Standard Single Room,FALSE,"8,7","8,5","8,7","8,9","8,6","9,4","8,4","8,3",150,5,TRUE,TRUE,TRUE,TRUE,TRUE,TRUE,TRUE,TRUE,TRUE,TRUE,TRUE,TRUE,TRUE,TRUE,FALSE,TRUE,1178,14:00,12:00
79,Chagala Aktau Hotel,Aktau,central_business,1.0,26.0,35000,Standard Double Room,TRUE,"8,8","8,9","8,9","9,0","8,8","8,5","9,0","9,0",80,3,TRUE,TRUE,TRUE,TRUE,FALSE,FALSE,TRUE,TRUE,FALSE,FALSE,FALSE,TRUE,TRUE,TRUE,FALSE,TRUE,1033,14:00,12:00
80,Holiday Inn Aktau,Aktau,central_business,2.0,27.0,32000,Standard Room,TRUE,"8,8","9,0","8,9","8,9","8,8","9,2","8,5","7,8",90,4,TRUE,TRUE,TRUE,TRUE,FALSE,FALSE,TRUE,TRUE,TRUE,TRUE,TRUE,TRUE,TRUE,TRUE,FALSE,TRUE,779,14:00,12:00
81,Holiday Inn Aktau - Seaside,Aktau,seaside_city,4.0,25.0,35000,Standard King Room,TRUE,"9,0","9,2","9,1","9,1","9,0","9,3","8,7","8,6",100,4,TRUE,TRUE,TRUE,TRUE,TRUE,TRUE,TRUE,TRUE,TRUE,TRUE,TRUE,TRUE,TRUE,TRUE,FALSE,TRUE,398,14:00,12:00
82,Renaissance by Sulo Aktau,Aktau,central_business,2.0,27.0,39600,Deluxe Double Room,TRUE,"8,8","9,1","8,9","9,0","8,8","9,3","8,6","8,7",110,5,TRUE,TRUE,TRUE,TRUE,TRUE,TRUE,TRUE,TRUE,TRUE,TRUE,TRUE,TRUE,TRUE,TRUE,FALSE,TRUE,840,14:00,12:00
83,Grand Hotel Victory,Aktau,central_business,3.0,28.0,65000,Standard Double Room,TRUE,"8,5","8,7","8,6","8,8","8,5","8,9","8,2","7,7",80,5,TRUE,TRUE,TRUE,TRUE,TRUE,TRUE,TRUE,TRUE,TRUE,TRUE,TRUE,TRUE,TRUE,TRUE,FALSE,TRUE,862,14:00,12:00
84,Dostyk Business Hotel,Aktau,central_business,1.5,26.0,55000,Business Double Room,TRUE,"9,3","9,3","9,4","9,4","9,3","9,2","9,3","8,4",60,4,TRUE,TRUE,TRUE,TRUE,FALSE,FALSE,TRUE,TRUE,TRUE,TRUE,FALSE,TRUE,TRUE,TRUE,FALSE,TRUE,1102,14:00,12:00
85,TURAN HOTEL,Aktau,near_beach,4.0,29.0,15000,Standard Double Room,TRUE,"9,0","9,2","9,1","9,2","8,9","9,0","9,2","9,00",70,3,TRUE,TRUE,TRUE,TRUE,FALSE,FALSE,FALSE,TRUE,TRUE,TRUE,FALSE,TRUE,TRUE,TRUE,FALSE,TRUE,534,14:00,12:00
86,Aston Hotel Aktau,Aktau,central_business,2.0,27.0,16000,Standard Double Room,TRUE,"9,4","9,4","9,5","9,6","9,4","9,5","9,4","8,5",75,3,TRUE,TRUE,TRUE,TRUE,FALSE,FALSE,TRUE,TRUE,TRUE,TRUE,TRUE,TRUE,TRUE,TRUE,FALSE,TRUE,394,14:00,12:00
87,Aktau Hotel,Aktau,city_center,0.5,26.0,20000,Standard Double Room,TRUE,"7,6","8,0","7,5","7,7","7,3","8,8","8,0","7,8",124,3,TRUE,TRUE,TRUE,TRUE,FALSE,FALSE,FALSE,TRUE,TRUE,TRUE,TRUE,TRUE,TRUE,TRUE,FALSE,TRUE,1351,14:00,12:00
88,Silk Way Hotel Aktau,Aktau,near_beach,0.9,28.0,12000,Standard Twin Room,TRUE,"8,7","9,0","8,9","8,8","8,6","8,4","9,0","8,0",60,3,TRUE,TRUE,TRUE,TRUE,TRUE,FALSE,TRUE,TRUE,TRUE,TRUE,FALSE,TRUE,TRUE,TRUE,FALSE,TRUE,493,14:00,12:00
89,Tarlan Hotel Aktau,Aktau,residential,4.0,29.0,13200,Standard Double Room,TRUE,"8,6","8,9","8,8","8,5","8,8","8,2","9,1","7,1",40,3,TRUE,TRUE,TRUE,TRUE,FALSE,FALSE,FALSE,TRUE,FALSE,TRUE,FALSE,TRUE,TRUE,TRUE,FALSE,TRUE,144,14:00,12:00
90,Zhana Otel Aktau,Aktau,near_sea,0.7,27.0,24500,Standard Double Room,TRUE,"8,8","9,2","9,0","9,0","8,9","9,3","8,9","9,1",45,3,TRUE,TRUE,TRUE,TRUE,FALSE,FALSE,FALSE,FALSE,FALSE,FALSE,TRUE,TRUE,TRUE,TRUE,FALSE,TRUE,421,14:00,12:00
91,Grand Nur Plaza Hotel,Aktau,city_outskirts,"3,5",27.0,10000,Standard Double  Room,TRUE,"7,8","8,0","8,1","8,0","7,9","8,8","8,5","8,0",90,4,TRUE,TRUE,TRUE,TRUE,TRUE,TRUE,TRUE,TRUE,TRUE,TRUE,FALSE,TRUE,TRUE,TRUE,FALSE,TRUE,50,14:00,12:00
92,RahAT Hotel Aktau,Aktau,city_outskirts,"2,1",28.0,16000,Standard Single Room,TRUE,"8,8","9,2","8,9","9,1","8,8","8,3","9,1","7,5",50,3,TRUE,TRUE,TRUE,TRUE,FALSE,FALSE,FALSE,TRUE,FALSE,TRUE,FALSE,TRUE,TRUE,TRUE,FALSE,TRUE,252,14:00,12:00
93,Hide Apart Hotel Aktau,Aktau,near_beach,"4,3",28.0,25000,Standard Double Room,TRUE,"9,1","9,1","9,5","9,5","9,3","9,3","9,3","7,9",40,4,TRUE,TRUE,TRUE,TRUE,FALSE,FALSE,FALSE,TRUE,TRUE,TRUE,FALSE,TRUE,TRUE,TRUE,FALSE,TRUE,65,14:00,12:00
94,Caspian Marine Hotel,Aktau,near_port,"4,5",29.0,26730,Standard Twin Room,TRUE,"8,9","9,0","8,9","9,0","8,8","9,3","8,5","8,8",45,4,TRUE,TRUE,TRUE,TRUE,FALSE,FALSE,FALSE,FALSE,TRUE,TRUE,FALSE,TRUE,TRUE,TRUE,FALSE,TRUE,147,14:00,12:00
95,Salem Hotel Aktau,Aktau,near_beach,"2,4",30.0,13500,Standard Double Room,TRUE,"8,5","8,7","8,7","8,7","8,3","8,0","8,8","7,6",35,3,TRUE,TRUE,TRUE,TRUE,FALSE,FALSE,FALSE,FALSE,FALSE,TRUE,FALSE,TRUE,TRUE,TRUE,FALSE,FALSE,215,14:00,12:00
96,Talisman Hotel Aktau,Aktau,residential,"0,6",25.0,12600,Standard Twin Room,TRUE,"7,6","9,1","8,3","8,7","8,7","7,7","8,0","8,0",30,3,TRUE,TRUE,TRUE,TRUE,FALSE,FALSE,FALSE,FALSE,FALSE,TRUE,FALSE,TRUE,TRUE,TRUE,FALSE,FALSE,9,14:00,12:00
97,Aktau Airport Hotel,Aktau,airport_area,25.0,1.0,15000,Standard Double Room,TRUE,"8,1","8,1","7,6","8,0","8,5","8,7","8,1","8,1",40,3,TRUE,TRUE,TRUE,TRUE,FALSE,FALSE,FALSE,FALSE,FALSE,TRUE,FALSE,TRUE,TRUE,TRUE,FALSE,FALSE,20,14:00,12:00
98,Amsterdam Hotel Aktobe,Aktobe,city_center,"2,5","3,2",23750,Standard Single Room,TRUE,"9,1","9,4","9,1","9,2",9,"9,4","8,9","8,1",65,4,TRUE,TRUE,TRUE,TRUE,TRUE,TRUE,TRUE,TRUE,TRUE,TRUE,TRUE,TRUE,TRUE,TRUE,FALSE,TRUE,613,14:00,12:00
99,Hotel Dastan Aktobe,Aktobe,central_business,"1,1","1,9",35280,Standard Double Room,TRUE,9,9,9,"9,1",9,"9,2","8,7","8,2",60,4,TRUE,TRUE,TRUE,TRUE,FALSE,FALSE,TRUE,TRUE,TRUE,TRUE,FALSE,TRUE,TRUE,TRUE,FALSE,TRUE,935,14:00,12:00
100,ibis Aktobe,Aktobe,city_outskirts,2,"3,9",35000,Standard Double Room,TRUE,"8,8","9,2","8,8","8,9","8,8","8,9","8,6","9,3",123,3,TRUE,TRUE,TRUE,TRUE,FALSE,FALSE,FALSE,TRUE,TRUE,TRUE,FALSE,TRUE,TRUE,TRUE,TRUE,TRUE,938,14:00,12:00
101,Aktobe Hotel,Aktobe,city_center,"4,6",5,9600,Standard Single Room,TRUE,"8,3",9,"8,5","8,4","8,2","9,4","8,8",8,239,3,TRUE,TRUE,TRUE,TRUE,FALSE,FALSE,FALSE,TRUE,TRUE,TRUE,FALSE,TRUE,TRUE,TRUE,FALSE,TRUE,820,14:00,12:00
102,Ilek Hotel,Aktobe,near_river,"0,9","3,9",10300,Standard Comfort  Room,TRUE,"7,8","8,5","8,1","7,7","7,7","8,4","7,9","6,5",80,3,TRUE,TRUE,TRUE,TRUE,FALSE,FALSE,FALSE,FALSE,TRUE,TRUE,TRUE,TRUE,TRUE,TRUE,FALSE,FALSE,179,14:00,12:00
103,Koktobe Hotel Complex,Aktobe,central_business,"4,3","3,9",36500,Standard Double Room,TRUE,"9,3","9,1","9,5","9,4","8,8","8,7","8,8",9,70,4,TRUE,TRUE,TRUE,TRUE,TRUE,TRUE,TRUE,TRUE,TRUE,TRUE,FALSE,TRUE,TRUE,TRUE,FALSE,TRUE,81,14:00,12:00
104,Sad Dolgoletiya Hotel,Aktobe,residential,9,12,18000,Standard Double Room,TRUE,"8,7","9,4","8,5","9,4","8,9","8,8","9,4","8,5",50,0,TRUE,TRUE,TRUE,TRUE,TRUE,TRUE,FALSE,TRUE,FALSE,TRUE,FALSE,TRUE,TRUE,TRUE,FALSE,FALSE,19,14:00,12:00
105,Hotel Fresh Aktobe,Aktobe,city_outskirts,"0,3","3,3",15000,Family Room,TRUE,"6,8","7,9","7,2","7,8","7,5","8,1","7,6",8,40,0,TRUE,FALSE,TRUE,TRUE,FALSE,FALSE,FALSE,FALSE,TRUE,FALSE,FALSE,TRUE,TRUE,TRUE,FALSE,TRUE,46,14:00,12:00
106,KRich Hotel Aktobe,Aktobe,central_business,"2,6","0,85",32000,Standard Twin Room,TRUE,"8,4","8,3","8,5","8,5","8,1","8,2","8,2",9,45,0,TRUE,TRUE,TRUE,TRUE,FALSE,FALSE,FALSE,TRUE,TRUE,TRUE,FALSE,TRUE,TRUE,TRUE,FALSE,FALSE,287,14:00,12:00
107,Nomad Hotel Aktobe,Aktobe,city_outskirts,"1,1",2,23000,Standard Double Room,TRUE,"8,6","9,1","8,5","8,6","8,3","8,8","8,4",8,35,0,TRUE,TRUE,TRUE,TRUE,FALSE,FALSE,FALSE,FALSE,FALSE,TRUE,TRUE,TRUE,TRUE,TRUE,FALSE,FALSE,546,14:00,12:00
108,Flamingo Hotel Aktobe,Aktobe,residential,"0,2",8,12000,Standard Single Room,TRUE,"9,3","9,9","9,4","9,5","9,5",9,"9,6","7,5",40,0,TRUE,TRUE,TRUE,TRUE,TRUE,FALSE,FALSE,TRUE,TRUE,TRUE,TRUE,TRUE,TRUE,TRUE,FALSE,FALSE,53,14:00,12:00
109,ZhOMART Hotel,Aktobe,city_outskirts,4,"4,6",22000,Standard Twin Room,TRUE,8,"8,6",8,"8,1","7,7","8,8","7,9","7,4",30,0,TRUE,TRUE,TRUE,TRUE,FALSE,FALSE,FALSE,TRUE,FALSE,TRUE,FALSE,TRUE,TRUE,TRUE,FALSE,FALSE,320,14:00,12:00
110,Baitau Hotel Aktobe,Aktobe,central_business,"2,9","1,7",24000,Superior Double Room,TRUE,"8,6","8,8","8,6","8,5","8,6","8,6","8,5","8,5",55,4,TRUE,TRUE,TRUE,TRUE,FALSE,FALSE,TRUE,FALSE,TRUE,TRUE,FALSE,TRUE,TRUE,TRUE,FALSE,TRUE,285,14:00,12:00
111,Jardin Hotel Aktobe,Aktobe,city_center,"0,1",3,20000,Standard Double Room,TRUE,"7,7","8,6",8,"8,1","8,1",8,"7,9","5,3",15,0,TRUE,TRUE,TRUE,TRUE,FALSE,FALSE,FALSE,FALSE,FALSE,FALSE,TRUE,TRUE,TRUE,TRUE,FALSE,TRUE,199,14:00,12:00
112,Gostinitsa Sultan,Aktobe,city_outskirts,"4,9",5,19000,Standard Double Room,TRUE,"8,7","8,7","8,6","8,6","8,2","8,6","8,3",8,8,3,TRUE,TRUE,TRUE,TRUE,TRUE,FALSE,FALSE,TRUE,TRUE,TRUE,FALSE,TRUE,TRUE,TRUE,FALSE,TRUE,94,14:00,12:00
113,Royal Hotel Aktobe,Aktobe,city_outskirts,6,6,21850,Deluxe Double Room,TRUE,"8,1","8,3","7,5","7,8","7,9","7,5",8,8,30,3,TRUE,TRUE,TRUE,TRUE,FALSE,TRUE,FALSE,TRUE,FALSE,TRUE,FALSE,TRUE,TRUE,TRUE,FALSE,TRUE,15,12:00,12:00
114,Tulpar Hotel Aktobe,Aktobe,near_highway,6,12,16000,Standard Double Room,TRUE,"9,1","9,4","9,4","8,9","8,7","8,9","9,4",9,38,0,TRUE,TRUE,TRUE,TRUE,FALSE,FALSE,FALSE,TRUE,TRUE,TRUE,FALSE,TRUE,TRUE,TRUE,FALSE,FALSE,21,14:00,12:00
115,Premier Hotel Aktobe,Aktobe,city_center,1.0,6.0,42000,Deluxe Double Room,TRUE,8.6,8.9,8.8,8.7,8.5,8.8,8.3,8.2,55,4,TRUE,TRUE,TRUE,TRUE,FALSE,TRUE,TRUE,TRUE,TRUE,TRUE,TRUE,TRUE,TRUE,TRUE,FALSE,TRUE,120,14:00,12:00
116,Renaissance Atyrau Hotel,Atyrau,city_center,2,5,67950,Deluxe King Room,TRUE,"8,2","8,4","8,4","8,4","8,2","9,3","7,8","8,1",178,5,TRUE,TRUE,TRUE,TRUE,TRUE,TRUE,TRUE,TRUE,TRUE,TRUE,TRUE,TRUE,TRUE,TRUE,FALSE,TRUE,479,15:00,12:00
117,Somerset City Centre Atyrau,Atyrau,city_center,"2,1",5,72250,Premier Suit,TRUE,"9,4","9,6","9,5","9,6","9,4","9,6",9,"8,4",139,5,TRUE,TRUE,TRUE,TRUE,TRUE,TRUE,TRUE,TRUE,TRUE,TRUE,TRUE,TRUE,TRUE,TRUE,FALSE,TRUE,265,14:00,12:00
118,River Palace Hotel,Atyrau,riverfront,"0,7",7,44550,Deluxe Double Room,TRUE,"7,8","7,9","7,7","7,9","7,5","8,9","7,4","8,7",180,5,TRUE,TRUE,TRUE,TRUE,TRUE,TRUE,TRUE,TRUE,TRUE,TRUE,TRUE,TRUE,TRUE,TRUE,FALSE,TRUE,157,14:00,12:00
119,Atyrau Dastan Hotel,Atyrau,central_business,"0,9",6,29000,Econom Single Room,TRUE,"9,1","9,4","9,2","9,3","9,1","9,6","9,2","8,6",90,4,TRUE,TRUE,TRUE,TRUE,FALSE,FALSE,TRUE,TRUE,TRUE,TRUE,TRUE,TRUE,TRUE,TRUE,FALSE,TRUE,706,14:00,12:00
120,SULO Atyrau Hotel,Atyrau,city_outskirts,7,0,32000,Standard Double Room,TRUE,"8,5",9,"8,7","8,6","8,5","8,9","8,3","7,8",70,3,TRUE,TRUE,TRUE,TRUE,FALSE,FALSE,TRUE,TRUE,TRUE,TRUE,FALSE,TRUE,TRUE,TRUE,FALSE,TRUE,135,14:00,12:00
121,Tengri Hotel Atyrau,Atyrau,central_business,"0,7",8,27000,Standard Twin Room,TRUE,8,"8,8","7,8","7,9","7,8","8,6",8,"7,2",54,3,TRUE,TRUE,TRUE,TRUE,FALSE,FALSE,TRUE,TRUE,TRUE,TRUE,TRUE,TRUE,TRUE,TRUE,FALSE,TRUE,235,14:00,12:00
122,Apec Hotel Atyrau,Atyrau,city_outskirts,"1,7",9,1215,Standard Double Room,TRUE,"8,3","8,9","8,6","8,6","8,3","7,9","8,7","6,5",95,3,TRUE,TRUE,TRUE,TRUE,FALSE,FALSE,FALSE,TRUE,TRUE,TRUE,FALSE,TRUE,TRUE,TRUE,FALSE,TRUE,203,14:00,12:00
123,Sultan Palace Hotel Atyrau,Atyrau,city_outskirts,5,"2,1",38000,Standard Single Room,TRUE,"8,5","8,3","8,6","8,6","8,6","8,7","8,5","8,3",106,5,TRUE,TRUE,TRUE,TRUE,TRUE,TRUE,TRUE,TRUE,TRUE,TRUE,TRUE,TRUE,TRUE,TRUE,FALSE,TRUE,1125,14:00,12:00
124,Chagala Residence Atyrau,Atyrau,central_business,"0,7",8,31500,Deluxe Apartment,TRUE,"8,9","8,9","9,1","9,2","8,9","9,1","8,7",9,76,4,TRUE,TRUE,TRUE,TRUE,TRUE,FALSE,TRUE,TRUE,TRUE,TRUE,TRUE,TRUE,TRUE,TRUE,TRUE,TRUE,170,14:00,12:00
125,Infinity Plaza Hotel,Atyrau,city_center,"2,9","4,7",33500,Standard Double Room,TRUE,"7,9","8,2","8,1",8,"7,7","8,4","7,5",0,69,4,TRUE,TRUE,TRUE,TRUE,TRUE,TRUE,TRUE,TRUE,TRUE,TRUE,TRUE,TRUE,TRUE,TRUE,FALSE,TRUE,129,14:00,12:00
126,SB River Hotels Atyrau,Atyrau,riverfront,"2,1",6,25000,Standard Double Room,TRUE,"9,2","9,6","9,3","9,4","9,2","8,8","9,1","9,1",20,4,TRUE,TRUE,TRUE,TRUE,FALSE,FALSE,FALSE,FALSE,TRUE,TRUE,FALSE,TRUE,TRUE,TRUE,FALSE,TRUE,275,14:00,12:00
127,AGATS Hotel Atyrau,Atyrau,city_outskirts,"0,4",6,23000,Standard Double Room,TRUE,8,"8,7","7,7","8,1","7,8","8,6",8,7,50,4,TRUE,TRUE,TRUE,TRUE,FALSE,FALSE,FALSE,FALSE,FALSE,TRUE,FALSE,TRUE,TRUE,TRUE,FALSE,FALSE,90,14:00,12:00
128,Beluga Hotel Complex,Atyrau,riverfront,"1,7",5,35000,Standard Double Room,TRUE,"8,4","8,5","8,3","8,4","8,2","9,2","8,4","8,2",60,4,TRUE,TRUE,TRUE,TRUE,FALSE,FALSE,FALSE,TRUE,TRUE,TRUE,FALSE,TRUE,TRUE,TRUE,FALSE,TRUE,818,14:00,12:00
129,Sunkar Hotel Atyrau,Atyrau,residential,7,0,16000,Standard Twin Room,TRUE,"7,5",8,"7,8",8,"7,4",9,8,5,52,3,TRUE,TRUE,TRUE,TRUE,FALSE,FALSE,FALSE,FALSE,FALSE,FALSE,FALSE,TRUE,TRUE,TRUE,FALSE,FALSE,87,14:00,12:00
130,Victoria Palace Hotel Atyrau,Atyrau,central_business,"1,6",6,16000,Standard Single Room,TRUE,"8,2","9,2","8,4","8,4","8,3","8,6","8,4","9,6",56,3,TRUE,TRUE,TRUE,TRUE,FALSE,FALSE,FALSE,TRUE,TRUE,TRUE,FALSE,TRUE,TRUE,TRUE,FALSE,TRUE,215,14:00,12:00
131,Zodiac,Atyrau,city_center,"0,2",7,29700,Deluxe Double Room,TRUE,"9,1","9,2","9,2","9,4","9,2","9,5","9,2","8,7",24,0,TRUE,TRUE,TRUE,TRUE,FALSE,FALSE,FALSE,TRUE,TRUE,TRUE,TRUE,TRUE,TRUE,TRUE,FALSE,TRUE,254,14:00,12:00
132,ATB Grand Hotel,Atyrau,park_area,"1,6",7,20250,Standard Single Room,TRUE,"8,8","9,2","8,8","8,9","8,8","8,9","8,9","7,2",62,4,TRUE,TRUE,TRUE,TRUE,TRUE,TRUE,TRUE,TRUE,TRUE,TRUE,TRUE,TRUE,TRUE,TRUE,FALSE,TRUE,828,14:00,12:00
133,Rixos Turkistan,Turkistan,city_center,7,18,45000,Deluxe King Room,TRUE,"9,2","9,2","9,3","9,3","9,2","9,3",9,"8,9",121,5,TRUE,TRUE,TRUE,TRUE,TRUE,TRUE,TRUE,TRUE,TRUE,TRUE,TRUE,TRUE,TRUE,TRUE,FALSE,TRUE,1622,15:00,12:00
134,Hampton by Hilton Turkistan,Turkistan,city_center,"4,5",21,36000,Standard Double Room,TRUE,9,"9,2","9,1",9,"8,9","9,8","8,7","8,9",120,3,TRUE,TRUE,TRUE,TRUE,FALSE,FALSE,TRUE,FALSE,TRUE,FALSE,TRUE,TRUE,TRUE,TRUE,FALSE,TRUE,867,14:00,12:00
135,KARAVANSARAY Turkistan Harbour Hotel,Turkistan,entertainment_complex,5,20,44000,Superior Double Room,TRUE,"9,4","9,4","9,4","9,4","9,3","9,7","9,1","9,2",76,5,TRUE,TRUE,TRUE,TRUE,FALSE,TRUE,TRUE,TRUE,TRUE,TRUE,TRUE,TRUE,TRUE,TRUE,FALSE,TRUE,1501,15:00,12:00
136,KARAVANSARAY Turkistan Family Hotel,Turkistan,entertainment_complex,"4,8",21,38000,Deluxe Twin Land View,TRUE,"9,5","9,4","9,5","9,5","9,5","9,8","9,4","9,5",37,4,TRUE,TRUE,TRUE,TRUE,FALSE,TRUE,TRUE,FALSE,TRUE,TRUE,TRUE,TRUE,TRUE,TRUE,FALSE,TRUE,601,15:00,12:00
137,Khan Palace2,Turkistan,city_outskirts,6,28,22000,Deluxe Double Room,TRUE,"7,4","7,6","8,3",8,"7,6","7,2","7,8",8,30,3,TRUE,TRUE,TRUE,TRUE,FALSE,FALSE,FALSE,TRUE,TRUE,TRUE,FALSE,TRUE,TRUE,TRUE,FALSE,TRUE,118,15:00,12:00
138,Ramada by Wyndham Turkistan,Turkistan,city_center,10,15,25500,Standard King Room,TRUE,"7,8","8,1",7.8,"8,1","7,8",9,"7,9",0,70,4,TRUE,TRUE,TRUE,TRUE,TRUE,TRUE,TRUE,TRUE,TRUE,TRUE,TRUE,TRUE,TRUE,TRUE,FALSE,TRUE,577,14:00,12:00
139,Boutique Hotel Silk Way,Turkistan,near_mausoleum,7,19,32000,Standard Double Room,TRUE,"9,5","9,3","9,7","9,5","9,5","9,2","9,4","9,6",19,0,TRUE,TRUE,TRUE,TRUE,FALSE,FALSE,FALSE,TRUE,TRUE,TRUE,FALSE,TRUE,TRUE,TRUE,FALSE,TRUE,384,14:00,12:00
140,Edem Hotel Turkistan,Turkistan,residential,"4,1",21,18000,Standard Single Room,TRUE,"8,9","9,2",9,"8,9","8,8","9,4","8,9",9,16,3,TRUE,TRUE,TRUE,TRUE,FALSE,FALSE,FALSE,TRUE,FALSE,TRUE,FALSE,TRUE,TRUE,TRUE,FALSE,FALSE,409,14:00,12:00
141,City Hotel Turkistan,Turkistan,city_center,"3,9",22,19500,Standard Twin Room,TRUE,9,"9,5","8,8","8,8","8,8","9,4",9,"9,3",18,4,TRUE,TRUE,TRUE,TRUE,FALSE,FALSE,FALSE,TRUE,FALSE,TRUE,FALSE,TRUE,TRUE,TRUE,FALSE,FALSE,191,14:00,12:00
142,Yassy Hotel,Turkistan,near_mausoleum,"3,9",23,14700,Standard Single Room,TRUE,"8,9","9,2",9,"8,9","8,9","9,7","9,1",8,43,4,TRUE,TRUE,TRUE,TRUE,FALSE,FALSE,FALSE,TRUE,TRUE,FALSE,FALSE,TRUE,TRUE,TRUE,FALSE,FALSE,304,14:00,12:00
143,Royal Grand Hotel Turkistan,Turkistan,city_outskirts,"3,3",26,16000,Econom Single Room,TRUE,"8,8","8,8",9,9,"8,9","9,4",9,"8,3",46,4,TRUE,TRUE,TRUE,TRUE,FALSE,FALSE,FALSE,TRUE,TRUE,TRUE,FALSE,TRUE,TRUE,TRUE,FALSE,FALSE,504,14:00,12:00
144,Olympic Hotel Turkistan,Turkistan,sports_complex,8,18,28800,Standard Double Room,TRUE,"9,1","8,9","9,3","9,3","9,1","8,7","9,1","7,5",37,4,TRUE,TRUE,TRUE,TRUE,TRUE,FALSE,TRUE,FALSE,TRUE,TRUE,FALSE,TRUE,TRUE,TRUE,FALSE,FALSE,163,14:00,12:00
145,Medina Palace Turkistan,Turkistan,residential,"4,1",21,40000,Standard Double Room,TRUE,,,,,,,,,35,5,FALSE,FALSE,TRUE,TRUE,FALSE,FALSE,FALSE,FALSE,FALSE,FALSE,FALSE,TRUE,TRUE,TRUE,FALSE,FALSE,0,14:00,12:00
146,Ecopana Turkistan,Turkistan,eco_resort,"3,4",26,4000,Standard Single Room,TRUE,"8,8","9,3","8,6","8,6","8,7","8,4","9,3",0,3,0,FALSE,FALSE,TRUE,TRUE,FALSE,FALSE,FALSE,FALSE,FALSE,FALSE,FALSE,TRUE,TRUE,TRUE,FALSE,FALSE,191,14:00,10:00
147,Hotel Turkistan Restaurants,Turkistan,city_center,"3,1",24,15300,Standard Twin Room,TRUE,0,0,0,0,0,0,0,0,20,3,TRUE,TRUE,TRUE,TRUE,FALSE,FALSE,FALSE,TRUE,TRUE,TRUE,FALSE,TRUE,TRUE,TRUE,FALSE,FALSE,0,14:00,12:00
148,Sem Brand Hotel,Turkistan,near_mausoleum,"4,9",21,21000,Standard Double Room,TRUE,"9,6","9,5","9,7","9,7","9,5","9,8","9,6","8,5",20,4,TRUE,TRUE,TRUE,TRUE,FALSE,FALSE,FALSE,FALSE,TRUE,FALSE,FALSE,TRUE,TRUE,TRUE,FALSE,FALSE,122,14:00,12:00
149,Rixos Almaty,Almaty,Almaly,1,16,90000,superior_double,TRUE,"7,9",8,"7,6","7,9","7,7","8,6","6,8","8,1",235,5,TRUE,TRUE,TRUE,TRUE,TRUE,TRUE,TRUE,TRUE,TRUE,TRUE,TRUE,TRUE,TRUE,TRUE,FALSE,TRUE,1000,14:00,12:00
150,Ramada by Wyndham Almaty,Almaty,Almaly,2,17,55000,standard_double,TRUE,"7,1","7,6","7,3","7,4","7,1","7,8","6,8","8,1",164,4,TRUE,TRUE,TRUE,TRUE,TRUE,TRUE,TRUE,TRUE,TRUE,TRUE,TRUE,TRUE,TRUE,TRUE,FALSE,TRUE,600,14:00,12:00
151,Best Western Plus Atakent Park Hotel,Almaty,Bostandyk,5,21,45000,standard_double,TRUE,"8,3","8,5","8,3","8,3","8,1","8,9","7,9","8,6",196,4,TRUE,TRUE,TRUE,TRUE,FALSE,FALSE,TRUE,TRUE,TRUE,TRUE,FALSE,TRUE,TRUE,TRUE,FALSE,TRUE,500,14:00,12:00
152,Kazzhol Hotel Almaty,Almaty,Almaly,4,14,42000,standard_double,TRUE,8,"8,6","8,3","8,3",8,"8,7","7,5","8,4",175,4,TRUE,TRUE,TRUE,TRUE,TRUE,TRUE,TRUE,TRUE,TRUE,TRUE,TRUE,TRUE,TRUE,TRUE,FALSE,TRUE,850,14:00,12:00
153,Shera Inn Hotel,Almaty,Medeu,3,18,48000,standard_double,TRUE,"7,6","7,9","7,8","7,9","7,5","8,7","7,5","7,2",112,4,TRUE,TRUE,TRUE,TRUE,TRUE,TRUE,TRUE,TRUE,TRUE,TRUE,FALSE,TRUE,TRUE,TRUE,FALSE,TRUE,600,14:00,12:00
154,The Plaza Hotel Almaty,Almaty,Almaly,"0,3",13,43000,standard_double,TRUE,"8,3","8,7","8,6","8,5","8,4","8,5","8,1","8,6",100,4,TRUE,TRUE,TRUE,TRUE,FALSE,TRUE,TRUE,TRUE,TRUE,TRUE,TRUE,TRUE,TRUE,TRUE,FALSE,TRUE,400,14:00,12:00
155,Park Hotel Almaty,Almaty,Medeu,"1,2",14,50000,deluxe_double,TRUE,"8,5","8,9","8,6","8,7","8,4","9,2","8,3","8,3",60,4,TRUE,TRUE,TRUE,TRUE,FALSE,TRUE,TRUE,TRUE,TRUE,TRUE,FALSE,TRUE,TRUE,TRUE,FALSE,TRUE,300,14:00,12:00
156,Garden Park Inn,Almaty,Bostandyk,"2,2",19,38000,standard_double,TRUE,"8,3","8,3","8,5","8,5","8,2","8,8",8,"8,7",70,4,TRUE,TRUE,TRUE,TRUE,FALSE,TRUE,TRUE,TRUE,TRUE,TRUE,FALSE,TRUE,TRUE,TRUE,FALSE,TRUE,250,14:00,12:00
157,Astana International Hotel,Almaty,Bostandyk,"2,5",17,35000,standard_double,TRUE,"6,9","7,7",7,7,"6,8","8,6","6,9","7,1",114,4,TRUE,TRUE,TRUE,TRUE,FALSE,FALSE,TRUE,TRUE,TRUE,TRUE,FALSE,TRUE,TRUE,TRUE,FALSE,TRUE,500,14:00,12:00
158,Grand Erbil Hotel Almaty,Almaty,Turksib,9,"6,5",26000,standard_double,TRUE,"5,6","7,1","5,9","5,8","5,9","7,1",6,10,75,3,TRUE,TRUE,TRUE,TRUE,TRUE,TRUE,FALSE,TRUE,TRUE,TRUE,TRUE,TRUE,TRUE,TRUE,FALSE,TRUE,350,14:00,12:00
159,Royal Petrol Hotel,Almaty,Medeu,"7,5",20,20000,standard_double,FALSE,"7,2","7,9","7,7","7,6","7,2","7,3","7,1",7,40,3,TRUE,FALSE,TRUE,TRUE,FALSE,FALSE,FALSE,FALSE,FALSE,FALSE,FALSE,TRUE,TRUE,FALSE,FALSE,FALSE,150,14:00,12:00
160,Otrar Hotel,Almaty,Medeu,0.8,13,28000,standard_twin,TRUE,"7,5","8,5","7,5","7,5","7,3","9,3","7,7","6,7",163,3,TRUE,TRUE,TRUE,FALSE,FALSE,FALSE,FALSE,TRUE,TRUE,TRUE,FALSE,TRUE,TRUE,TRUE,FALSE,TRUE,700,14:00,12:00
161,Mildom Hotel,Almaty,Medeu,"1,7",14,23000,standard_double,FALSE,"7,7","8,3","7,8","7,9","7,5","9,2","7,7","7,5",35,3,TRUE,FALSE,TRUE,TRUE,FALSE,FALSE,FALSE,FALSE,FALSE,FALSE,FALSE,TRUE,TRUE,FALSE,FALSE,FALSE,320,14:00,12:00
162,D'Rami Hotel,Almaty,Almaly,0.7,"14,5",19000,standard_double,FALSE,"9,1","9,7","9,3","9,2","8,9","9,7","9,1","8,7",10,2,TRUE,FALSE,FALSE,TRUE,FALSE,FALSE,FALSE,FALSE,FALSE,FALSE,FALSE,FALSE,TRUE,FALSE,FALSE,FALSE,500,14:00,12:00
163,Voyage Hotel,Almaty,Medeu,1,15,28000,standard_double,TRUE,"8,4","8,8","8,6","8,5","8,2","9,4","8,2","8,7",56,3,TRUE,TRUE,TRUE,TRUE,FALSE,FALSE,FALSE,TRUE,FALSE,TRUE,FALSE,TRUE,TRUE,TRUE,FALSE,TRUE,420,14:00,12:00
164,Donatello Boutique Hotel,Almaty,Medeu,"4,5",19,60000,deluxe_double,TRUE,7,"7,6","7,3","7,8","7,1","8,1","6,9",8,22,4,TRUE,TRUE,TRUE,TRUE,TRUE,TRUE,TRUE,TRUE,TRUE,TRUE,TRUE,TRUE,TRUE,FALSE,FALSE,TRUE,210,14:00,12:00
165,Tenir Eco Hotel (Shymbulak area),Almaty,Almaly,18,30,75000,chalet_double,TRUE,"9,2","9,5","9,4","9,6","9,2","9,3","8,8","9,5",30,4,TRUE,TRUE,TRUE,FALSE,TRUE,TRUE,FALSE,TRUE,TRUE,TRUE,FALSE,TRUE,TRUE,TRUE,FALSE,FALSE,180,15:00,12:00
166,Riverside Boutique Hotel,Almaty,Almaly,"3,5",18,34000,boutique_double,TRUE,"9,8",10,"9,8",10,"9,8",10,"9,8",0,28,3,TRUE,TRUE,TRUE,TRUE,FALSE,FALSE,FALSE,TRUE,TRUE,TRUE,FALSE,TRUE,TRUE,FALSE,FALSE,FALSE,160,14:00,12:00
167,Grushevy Hospitality Boutique,Almaty,Bostandyk,"5,5",21,38000,boutique_double,TRUE,"8,3","8,3","8,3","8,3",0,"8,3",0,0,18,3,TRUE,TRUE,TRUE,TRUE,FALSE,TRUE,FALSE,TRUE,TRUE,TRUE,FALSE,FALSE,TRUE,FALSE,FALSE,FALSE,140,14:00,12:00
168,Ala Boutique Hotel,Almaty,Almaly,3,15,36000,boutique_double,TRUE,"8,9","9,2","9,2",9,"8,9","8,9","8,7",10,24,3,TRUE,TRUE,TRUE,TRUE,FALSE,FALSE,FALSE,TRUE,FALSE,TRUE,FALSE,FALSE,TRUE,FALSE,FALSE,FALSE,90,14:00,12:00
169,Mosh Mosh Boutique Hotel,Almaty,Bostandyk,"2,5",23,32000,boutique_double,TRUE,"8,5","8,8","8,8","8,9","8,6","9,1","8,4","9,1",20,3,TRUE,TRUE,FALSE,TRUE,FALSE,FALSE,FALSE,TRUE,TRUE,FALSE,FALSE,FALSE,TRUE,FALSE,FALSE,FALSE,60,14:00,12:00
170,Altai Business Hotel,Almaty,Almaly,4,19,27000,standard_double,TRUE,"6,5","7,4","6,9","6,8","6,9","7,6","6,8",7,34,3,TRUE,TRUE,TRUE,TRUE,FALSE,FALSE,FALSE,TRUE,FALSE,TRUE,FALSE,TRUE,TRUE,TRUE,FALSE,TRUE,200,14:00,12:00
171,Gold Boutique Hotel Almaty,Almaty,Almaly,2,17,26000,standard_double,TRUE,"6,5","7,1","6,4","6,7","6,4","7,5","6,6","9,5",30,3,TRUE,TRUE,FALSE,TRUE,FALSE,FALSE,FALSE,FALSE,FALSE,FALSE,FALSE,TRUE,TRUE,FALSE,FALSE,FALSE,120,14:00,12:00
172,Qazaq Auyl Eco Hotel,Almaty,Medeu,12,28,38000,yurt_double,TRUE,"9,2",9,"9,5","9,6","9,2","9,5","8,4","9,4",25,3,TRUE,TRUE,TRUE,FALSE,FALSE,TRUE,FALSE,TRUE,TRUE,TRUE,FALSE,FALSE,TRUE,TRUE,TRUE,FALSE,210,15:00,12:00
173,Golden Palace Hotel Almaty,Almaty,Almaly,"2,5",16,31000,standard_double,TRUE,"8,3","8,8","8,3","8,4",8,"8,8","8,2","8,3",36,3,TRUE,TRUE,TRUE,TRUE,FALSE,FALSE,FALSE,TRUE,TRUE,TRUE,FALSE,TRUE,TRUE,FALSE,FALSE,TRUE,180,14:00,12:00
174,Astra Hotel Almaty,Almaty,Zhetysu,3,12,24000,standard_twin,TRUE,"7,7","8,2","7,8","7,8","7,6","8,4","7,8","8,3",64,3,TRUE,TRUE,TRUE,TRUE,FALSE,FALSE,FALSE,TRUE,FALSE,TRUE,FALSE,TRUE,TRUE,TRUE,FALSE,TRUE,260,14:00,12:00
175,Mildom Premium Hotel,Almaty,Medeu,1,15,46000,standard_double,FALSE,"7,9","8,2",8,"8,1","7,7","9,2",8,"7,8",30,3,TRUE,FALSE,TRUE,TRUE,FALSE,FALSE,FALSE,FALSE,FALSE,FALSE,FALSE,TRUE,TRUE,FALSE,FALSE,FALSE,210,14:00,12:00
176,Hotel Tahar,Almaty,Almaly,"1,5",14,21000,standard_double,FALSE,"8,3","8,8","8,5","8,3","7,9","9,1","8,5",8,25,3,TRUE,FALSE,FALSE,TRUE,FALSE,FALSE,FALSE,FALSE,FALSE,FALSE,FALSE,FALSE,TRUE,FALSE,FALSE,FALSE,140,14:00,12:00
177,Five Seasons Almaty,Almaty,Bostandyk,"3,5","18,5",24000,studio,TRUE,8,"8,8","8,2","7,2","7,8","8,9","8,8","7,6",32,3,TRUE,FALSE,TRUE,TRUE,FALSE,FALSE,FALSE,FALSE,FALSE,FALSE,FALSE,FALSE,TRUE,TRUE,FALSE,TRUE,160,14:00,12:00
178,Resident Hotel Korkem,Almaty,Auezov,"0,7",11,20000,standard_double,TRUE,9,"9,2","9,2","9,2",9,9,"8,7","8,6",45,3,TRUE,FALSE,TRUE,TRUE,FALSE,FALSE,FALSE,FALSE,FALSE,FALSE,FALSE,TRUE,TRUE,TRUE,FALSE,FALSE,180,14:00,12:00
179,Renion Hills Hotel,Almaty,Medeu,4,19,32000,standard_double,TRUE,"8,5","8,9","8,5","8,6","8,4","8,9","8,4","7,8",60,3,TRUE,TRUE,TRUE,TRUE,TRUE,TRUE,TRUE,TRUE,TRUE,TRUE,FALSE,TRUE,TRUE,TRUE,FALSE,TRUE,260,14:00,12:00
180,Renion City Almaty,Almaty,Almaly,"0,7",12,23000,standard_double,TRUE,9,"9,1","9,3","9,3",9,"9,3",9,"8,6",50,3,TRUE,TRUE,TRUE,TRUE,FALSE,TRUE,FALSE,TRUE,TRUE,TRUE,TRUE,TRUE,TRUE,TRUE,FALSE,TRUE,300,14:00,12:00
181,Grand Mildom Hotel,Almaty,Medeu,"2,2",16,30000,standard_double,TRUE,"8,8","8,9",9,"9,1","8,8","9,6","8,6","9,1",45,3,TRUE,TRUE,TRUE,TRUE,TRUE,TRUE,FALSE,TRUE,TRUE,TRUE,FALSE,TRUE,TRUE,TRUE,FALSE,TRUE,220,14:00,12:00
182,Maqan Hotel Almaty,Almaty,Medeu,5,"19,5",26000,standard_double,TRUE,"6,6","6,6","6,6",0,"6,6","6,6",0,0,55,3,TRUE,TRUE,TRUE,TRUE,FALSE,FALSE,TRUE,TRUE,FALSE,TRUE,FALSE,TRUE,TRUE,TRUE,FALSE,TRUE,190,14:00,12:00
183,Medeu Hotel,Kostanay,city_center,"0,2",7,34000,Standard Double Room,TRUE,9,"9,2","9,5","9,5","9,2","9,7","8,9","7,7",85,4,TRUE,TRUE,TRUE,TRUE,FALSE,TRUE,TRUE,TRUE,TRUE,TRUE,TRUE,TRUE,TRUE,TRUE,FALSE,TRUE,136,14:00,12:00
184,Ostrov Hotel,Kostanay,near_airport,"2,8","3,9",23000,Standard Double Room,TRUE,"7,7","7,9","7,9",8,"7,8","7,9",8,"9,5",145,0,TRUE,TRUE,TRUE,TRUE,FALSE,FALSE,FALSE,TRUE,TRUE,TRUE,TRUE,TRUE,TRUE,TRUE,TRUE,TRUE,80,14:00,12:00
185,"""Palazzo"" Hotel",Kostanay,city_center,"4,7",5,25000,Standard Double Room,TRUE,"8,5",9,"8,7","8,8","8,5","8,8","8,5","6,6",110,3,TRUE,TRUE,TRUE,TRUE,FALSE,TRUE,TRUE,TRUE,TRUE,TRUE,FALSE,TRUE,TRUE,TRUE,FALSE,TRUE,428,14:00,12:00
186,Tobol Hotel,Kostanay,central,"3,8",6,30000,Standard Double Room,TRUE,"7,9","8,5","8,1","7,9","7,8","8,9","7,7","6,7",100,4,TRUE,TRUE,TRUE,TRUE,FALSE,TRUE,TRUE,TRUE,TRUE,TRUE,FALSE,TRUE,TRUE,TRUE,FALSE,TRUE,300,14:00,12:00
187,De Marco Hotel,Kostanay,city_center,"2,3",4,15000,Standard Double Room,TRUE,"8,3","8,4","8,6","8,6","8,3","8,4","8,4","6,8",80,0,TRUE,TRUE,TRUE,TRUE,FALSE,FALSE,FALSE,TRUE,TRUE,TRUE,FALSE,TRUE,TRUE,TRUE,FALSE,TRUE,241,14:00,12:00
188,Eco Hotel Tan Tengri,Kostanay,outskirts,"8,4",10,33000,Standard Double Room,TRUE,9,"9,2","9,3","9,3","9,1","8,6",9,"8,8",50,0,TRUE,TRUE,TRUE,TRUE,FALSE,TRUE,FALSE,TRUE,FALSE,TRUE,FALSE,TRUE,TRUE,TRUE,TRUE,FALSE,155,14:00,12:00
189,Hotel Astam,Kostanay,subcentral,"2,3",5,20000,Standard Double Room,TRUE,"8,4","8,6","8,5","8,5","8,4","8,3","8,5","7,5",70,0,TRUE,TRUE,TRUE,TRUE,FALSE,FALSE,FALSE,TRUE,TRUE,TRUE,FALSE,TRUE,TRUE,TRUE,FALSE,FALSE,905,14:00,12:00
190,Hotel Fessla,Kostanay,central,"1,3",2,39500,Standard Double Room,TRUE,"9,1",9,9,9,"8,9","8,4","8,7","8,7",60,0,TRUE,TRUE,TRUE,TRUE,FALSE,FALSE,FALSE,TRUE,TRUE,TRUE,FALSE,TRUE,TRUE,TRUE,FALSE,FALSE,640,14:00,12:00
191,Bereke Hotel,Kostanay,subcentral,"4,9","3,4",25000,Standard Double Room,TRUE,"8,9","9,6","9,6","8,9","9,3","8,2","9,3","7,5",40,0,TRUE,TRUE,TRUE,TRUE,FALSE,FALSE,FALSE,FALSE,FALSE,FALSE,FALSE,TRUE,TRUE,FALSE,FALSE,FALSE,15,13:00,11:00
192,Hotel Gloria,Kostanay,city_center,"3,3",6,18000,Standard Double Room,TRUE,"8,2","8,7","8,6","8,3","8,2",9,"8,3","7,6",30,0,TRUE,TRUE,TRUE,TRUE,FALSE,FALSE,FALSE,TRUE,TRUE,TRUE,FALSE,TRUE,TRUE,FALSE,FALSE,TRUE,173,14:00,12:00
193,Gostinitsa Tselinnaya,Kostanay,central,"3,4",7,19000,Standard Twin Room,TRUE,"6,1",7,"7,1","6,6","6,2","8,8","6,8",7,40,3,TRUE,TRUE,TRUE,FALSE,FALSE,FALSE,FALSE,TRUE,TRUE,TRUE,FALSE,TRUE,TRUE,TRUE,FALSE,TRUE,38,14:00,12:00
194,Dostyk Lux Hotel,Kostanay,park_area,"2,8",4,45000,Standard Double Room,TRUE,"8,2","8,1","8,8","8,1","8,1","8,1","8,1",0,40,3,TRUE,TRUE,TRUE,TRUE,FALSE,FALSE,FALSE,TRUE,FALSE,TRUE,FALSE,TRUE,TRUE,TRUE,FALSE,FALSE,4,14:00,12:00
195,Mirage Hotel Kostanay,Kostanay,subcentral,"1,4",8,11000,Standard Double Room,TRUE,8,"8,4","8,2","8,5","7,8","8,5","7,8","7,7",30,2,TRUE,TRUE,TRUE,TRUE,FALSE,FALSE,FALSE,TRUE,FALSE,TRUE,FALSE,FALSE,TRUE,TRUE,FALSE,FALSE,80,14:00,11:00
196,Astam Inn,Kostanay,residential,"3,8",10,25000,Standard Twin Room,TRUE,"8,4","8,6","8,5","8,5","8,5","8,3","8,5","7,5",30,0,TRUE,FALSE,TRUE,TRUE,FALSE,FALSE,FALSE,FALSE,FALSE,FALSE,FALSE,FALSE,TRUE,FALSE,TRUE,FALSE,900,14:00,11:00
197,Hotel Dar-Aj,Kostanay,outskirts,6,"3,8",30000,Standard Double Room,TRUE,"7,3","7,9","7,6","7,4","7,3",8,"7,4",9,40,0,TRUE,TRUE,TRUE,TRUE,FALSE,FALSE,FALSE,TRUE,TRUE,TRUE,TRUE,TRUE,TRUE,TRUE,FALSE,FALSE,83,14:00,12:00
198,Mojo Hotel,Kostanay,city_center,"2,3",4,15000,Standard Double Room,TRUE,"8,3","8,4","8,6","8,6","8,3","8,4","8,4","6,8",87,0,TRUE,TRUE,FALSE,TRUE,FALSE,FALSE,FALSE,TRUE,TRUE,TRUE,FALSE,TRUE,TRUE,FALSE,FALSE,TRUE,50,14:00,12:00
199,Visit Torgai Zhartogai,Kostanay,outskirts,8,16,9000,Standard Double Room,TRUE,"8,5",9,"8,6","8,8","8,6",9,"8,9","8,8",20,3,TRUE,TRUE,TRUE,TRUE,FALSE,FALSE,FALSE,TRUE,FALSE,FALSE,FALSE,FALSE,TRUE,FALSE,TRUE,FALSE,8,14:00,12:00
200,Hotel Senator,Karaganda,city_center,"0,2",25,70000,Standard Double Room,TRUE,"9,5","9,6","9,6","9,6","9,5","9,6",9,8,100,4,TRUE,TRUE,TRUE,TRUE,FALSE,TRUE,TRUE,TRUE,TRUE,TRUE,TRUE,TRUE,TRUE,TRUE,FALSE,TRUE,404,14:00,12:00
201,Cosmonaut Hotel,Karaganda,park_area,"3,6",28,70000,Standard Double Room,TRUE,"8,2","8,8","8,3","8,5","8,2","8,8","7,7","8,9",154,5,TRUE,TRUE,TRUE,TRUE,TRUE,TRUE,TRUE,TRUE,TRUE,TRUE,TRUE,TRUE,TRUE,TRUE,TRUE,TRUE,154,14:00,12:00
202,Reikartz Dostar Karaganda,Karaganda,central,"5,1",22,45000,Standard Double Room,TRUE,"6,9","8,1","7,3","7,2","7,1","8,2","7,2",,70,4,TRUE,TRUE,TRUE,TRUE,FALSE,TRUE,TRUE,TRUE,TRUE,TRUE,TRUE,TRUE,TRUE,TRUE,FALSE,TRUE,167,14:00,12:00
203,Metelitsa Hotel Complex,Karaganda,central,"1,8","26,5",51000,Standard Double Room,TRUE,"9,1","9,3","9,3","9,3",9,"9,5",9,"7,6",90,0,TRUE,TRUE,TRUE,TRUE,FALSE,TRUE,TRUE,TRUE,TRUE,TRUE,FALSE,TRUE,TRUE,TRUE,FALSE,TRUE,210,14:00,12:00
204,Germes Hotel,Karaganda,subcentral,"5,3","23,6",46000,Standard Double Room,TRUE,"8,4","8,6","8,5","8,5","8,4","8,3","8,5","7,5",80,0,TRUE,TRUE,TRUE,TRUE,FALSE,FALSE,FALSE,TRUE,TRUE,TRUE,FALSE,TRUE,TRUE,TRUE,FALSE,TRUE,140,14:00,12:00
205,Zumrat Hotel,Karaganda,near_park,"4,6",35,24000,Standard Double Room,TRUE,"8,2","8,7","8,1","8,2","7,9","7,9","8,4",8,60,0,TRUE,TRUE,TRUE,TRUE,TRUE,TRUE,TRUE,TRUE,TRUE,TRUE,FALSE,TRUE,TRUE,TRUE,TRUE,TRUE,135,14:00,12:00
206,Park Hotel Karaganda,Karaganda,park_area,"2,8",38,55000,Standard Double Room,TRUE,"8,3","8,8","8,3","8,6","8,3","9,1","8,3","9,2",30,0,TRUE,TRUE,TRUE,TRUE,TRUE,TRUE,TRUE,TRUE,TRUE,TRUE,FALSE,TRUE,TRUE,TRUE,FALSE,TRUE,307,14:00,12:00
207,Hotel Bereket Karaganda,Karaganda,subcentral,3,32,30000,Standard Double Room,TRUE,"8,6",9,9,"8,8","8,6","7,5","8,4","7,8",40,0,TRUE,TRUE,TRUE,TRUE,FALSE,FALSE,FALSE,TRUE,TRUE,TRUE,FALSE,TRUE,TRUE,TRUE,FALSE,TRUE,115,14:00,12:00
208,Empire City Hotel,Karaganda,business_district,"1,4",32,38000,Standard Double Room,TRUE,"8,9","9,1",9,"9,1","9,1","8,7","8,7",0,40,4,TRUE,TRUE,TRUE,TRUE,FALSE,FALSE,TRUE,TRUE,TRUE,TRUE,TRUE,TRUE,TRUE,TRUE,FALSE,TRUE,27,14:00,12:00
209,Sun Rise Inn,Karaganda,residential,"1,8",25,25000,Standard Double Room,TRUE,"8,5","9,1",9,"9,1","8,6","8,2","8,9",0,50,0,TRUE,TRUE,TRUE,TRUE,FALSE,FALSE,FALSE,TRUE,FALSE,TRUE,FALSE,TRUE,TRUE,TRUE,FALSE,FALSE,188,14:00,12:00
210,LaCasa Hotel,Karaganda,central,"5,9",28,32000,Standard Double Room,TRUE,"8,7","8,9","8,9","8,9","8,7","8,4","8,3","7,9",40,0,TRUE,TRUE,TRUE,TRUE,FALSE,FALSE,FALSE,TRUE,TRUE,TRUE,FALSE,TRUE,TRUE,TRUE,FALSE,TRUE,232,14:00,12:00
211,Hotel CONTINENT Halal,Karaganda,subcentral,"0,8",35,32000,Standard Double Room,TRUE,"8,7","8,9","8,6","8,6","8,5","8,3","8,6","8,9",35,0,TRUE,TRUE,TRUE,TRUE,FALSE,FALSE,FALSE,TRUE,FALSE,TRUE,FALSE,TRUE,TRUE,TRUE,FALSE,TRUE,463,14:00,12:00
212,AQ-JAIYQ Hotel,Karaganda,city_center,"3,1",22,33000,Standard Double Room,TRUE,"8,3","8,5","8,6","8,6",8,8,8,10,50,0,TRUE,TRUE,TRUE,TRUE,TRUE,TRUE,TRUE,TRUE,TRUE,TRUE,TRUE,TRUE,TRUE,TRUE,FALSE,TRUE,170,14:00,12:00
213,Ar Nuvo Boutique Hotel,Karaganda,central,"0,7",25,36000,Deluxe Double Room,TRUE,"8,8","8,8","8,7",9,"8,7","8,8","8,8",0,30,0,TRUE,TRUE,FALSE,TRUE,FALSE,TRUE,FALSE,TRUE,TRUE,TRUE,FALSE,TRUE,TRUE,FALSE,FALSE,TRUE,95,14:00,12:00
214,Inn Ozz,Karaganda,residential,"0,7",26,27000,Standard Twin Room,TRUE,"8,9","9,1","8,9","8,9","8,9","8,7","8,7","9,1",35,0,TRUE,TRUE,TRUE,TRUE,FALSE,FALSE,FALSE,TRUE,FALSE,TRUE,FALSE,FALSE,TRUE,TRUE,TRUE,FALSE,80,13:00,12:00
215,Apart Hotel 92/2,Karaganda,residential,"3,2","27,6",48000,One-Bedroom Apartment,TRUE,"8,6","8,9",9,"8,9","8,7","8,6","8,4",8.9,30,0,TRUE,FALSE,TRUE,TRUE,FALSE,FALSE,FALSE,FALSE,FALSE,FALSE,FALSE,FALSE,TRUE,TRUE,FALSE,TRUE,70,13:00,12:00
216,Miss Mari Hotel,Karaganda,subcentral,"2,5","23,5",40000,Standard Double Room,TRUE,"8,4","9,4",8,8,8,9,8,10,30,0,TRUE,TRUE,TRUE,TRUE,FALSE,FALSE,FALSE,TRUE,FALSE,TRUE,FALSE,FALSE,TRUE,TRUE,FALSE,FALSE,60,13:00,12:00
217,Turan Hotel Karaganda,Karaganda,residential,"2,9","24,5",26800,Standard Double Room,TRUE,"8,7","9,6","9,1","8,9","8,9",9,"8,9",9,40,4,TRUE,TRUE,TRUE,TRUE,FALSE,FALSE,FALSE,TRUE,TRUE,TRUE,FALSE,TRUE,TRUE,TRUE,FALSE,FALSE,85,14:00,12:00
218,Hotel Complex Irtysh,Pavlodar,city_center,"1,2",16,42200,Standard Double Room,TRUE,"7,9","8,4","7,9",8,"7,7","8,9","7,2","9,3",55,0,TRUE,TRUE,TRUE,TRUE,TRUE,FALSE,TRUE,TRUE,TRUE,TRUE,FALSE,TRUE,TRUE,TRUE,FALSE,TRUE,773,14:00,12:00
219,Dvin Hotel,Pavlodar,near_station,"2,4",17,40000,Standard Double Room,TRUE,"8,8","9,1","8,9","8,9","8,8","8,4","8,9","8,6",70,3,TRUE,TRUE,TRUE,TRUE,FALSE,FALSE,FALSE,TRUE,TRUE,TRUE,FALSE,TRUE,TRUE,TRUE,FALSE,TRUE,646,14:00,12:00
220,Respect Hotel,Pavlodar,central,"1,6",17,35500,Standard Double Room,TRUE,9,"9,5","9,5","9,1","8,9",9,"8,9","8,5",40,0,TRUE,TRUE,TRUE,TRUE,FALSE,FALSE,FALSE,TRUE,TRUE,TRUE,TRUE,TRUE,TRUE,TRUE,FALSE,TRUE,125,14:00,12:00
221,Golden Park Hotel,Pavlodar,central,2,16,42300,Standard Double Room,TRUE,"9,1","9,3","9,1","9,2","9,1","9,4","8,9","7,9",60,4,TRUE,TRUE,TRUE,TRUE,FALSE,TRUE,TRUE,TRUE,TRUE,TRUE,TRUE,TRUE,TRUE,TRUE,FALSE,TRUE,339,14:00,12:00
222,Nurtau Hotel,Pavlodar,central,"1,7",17,31300,Standard Double Room,TRUE,"7,1","7,7","7,3","7,6","7,2","8,4","6,4",7,50,3,TRUE,TRUE,TRUE,TRUE,FALSE,FALSE,FALSE,TRUE,TRUE,TRUE,FALSE,TRUE,TRUE,TRUE,FALSE,TRUE,63,14:00,12:00
223,Sapsan Hotel,Pavlodar,suburban,"5,9",21,30000,Standard Twin Room,TRUE,"8,3","9,1","8,4","8,3","8,2","8,3","8,5","7,6",50,3,TRUE,TRUE,TRUE,FALSE,FALSE,FALSE,FALSE,TRUE,FALSE,TRUE,FALSE,TRUE,TRUE,TRUE,FALSE,FALSE,240,14:00,12:00
224,Kazakhstan Hotel Pavlodar,Pavlodar,central,"0,61","13,8",24000,Standard Double Room,TRUE,7,"7,9","7,6","7,4","7,2",8,"7,3","7,5",70,3,TRUE,TRUE,TRUE,TRUE,FALSE,FALSE,FALSE,TRUE,TRUE,TRUE,FALSE,TRUE,TRUE,TRUE,FALSE,TRUE,90,14:00,12:00
225,Green Forest Hotel,Pavlodar,suburban,"0,4",16,27800,Standard Double Room,TRUE,"8,2","9,5",9,9,"8,5",10,7,0,40,0,TRUE,TRUE,TRUE,TRUE,FALSE,FALSE,TRUE,TRUE,TRUE,TRUE,FALSE,TRUE,TRUE,TRUE,TRUE,FALSE,70,14:00,12:00
226,Residence Hotel Pavlodar,Pavlodar,business_district,"2,1",17,33000,Studio Room,TRUE,"8,2","9,5",9,9,"8,5",10,7,0,50,4,TRUE,TRUE,TRUE,TRUE,FALSE,TRUE,TRUE,TRUE,TRUE,TRUE,TRUE,TRUE,TRUE,TRUE,FALSE,TRUE,60,14:00,12:00
227,Altyn Adam Hotel,Pavlodar,central,"1,8",16,60000,Standard Double Room,TRUE,"9,3","9,9","9,6","9,7","9,4","9,9","8,9",8,40,3,TRUE,TRUE,TRUE,TRUE,FALSE,FALSE,FALSE,TRUE,FALSE,TRUE,FALSE,TRUE,TRUE,TRUE,FALSE,TRUE,85,14:00,12:00
228,Navi Home Hotel,Pavlodar,residential,2,15,47300,Standard Double Room,TRUE,"9,6","9,7","9,7","9,8","9,7","9,4","9,3",10,40,4,TRUE,TRUE,TRUE,TRUE,FALSE,FALSE,FALSE,FALSE,FALSE,FALSE,FALSE,FALSE,TRUE,TRUE,FALSE,FALSE,50,13:00,12:00
229,Berloga Hotel,Pavlodar,residential,"7,5",23,20000,Standard Twin Room,TRUE,"8,4","8,9","8,8","8,6","8,5","8,1","8,6","8,1",30,0,TRUE,TRUE,TRUE,FALSE,FALSE,FALSE,FALSE,FALSE,FALSE,FALSE,FALSE,FALSE,TRUE,TRUE,TRUE,FALSE,35,13:00,12:00
230,My Hostel Pavlodar,Pavlodar,budget,3,18,11000,Bed in Mixed Dormitory Room,FALSE,"9,2",10,"9,1","9,3","8,9","7,2","9,1",10,20,0,TRUE,FALSE,FALSE,FALSE,FALSE,FALSE,FALSE,FALSE,FALSE,FALSE,FALSE,FALSE,TRUE,FALSE,FALSE,FALSE,60,13:00,11:00
231,Irtysh Riverside Hotel,Pavlodar,riverfront,"1,5","15,5",26000,Standard Double Room,TRUE,"8,1","8,4","8,2",8,"7,9","8,7","7,8",8,40,0,TRUE,TRUE,TRUE,TRUE,FALSE,FALSE,FALSE,TRUE,TRUE,TRUE,FALSE,TRUE,TRUE,TRUE,FALSE,TRUE,55,14:00,12:00
232,Pavlodar Boutique Hotel,Pavlodar,central,"1,7",16,25900,Deluxe Double Room,TRUE,"8,1","8,6","8,3",8,"8,6",9,"8,1","8,5",28,0,TRUE,TRUE,FALSE,TRUE,FALSE,TRUE,FALSE,TRUE,TRUE,TRUE,TRUE,TRUE,TRUE,FALSE,FALSE,TRUE,40,14:00,12:00
233,Irtysh Panorama Apart,Pavlodar,riverfront,"1,1",11,49100,One-Bedroom Apartment,TRUE,"8,8",9,"8,4","8,5","8,1","8,8",8,"8,2",20,0,TRUE,FALSE,TRUE,TRUE,FALSE,FALSE,FALSE,FALSE,FALSE,FALSE,FALSE,FALSE,TRUE,TRUE,FALSE,TRUE,33,13:00,12:00
234,Pavlodar Plaza Hotel,Pavlodar,central,"0,3",14,37000,Standard Double Room,TRUE,"8,6","8,8","8,7","8,6","8,4","9,1","8,1","8,5",40,3,TRUE,TRUE,FALSE,TRUE,FALSE,TRUE,TRUE,TRUE,TRUE,TRUE,TRUE,TRUE,TRUE,TRUE,FALSE,TRUE,58,14:00,12:00
235,Hotel SELFIE,Semey,city_center,"0,8",11,23000,Standard Double Room,TRUE,"8,4","8,7","8,5","8,3","8,1","8,6","8,2","8,3",45,3,TRUE,TRUE,TRUE,TRUE,FALSE,FALSE,FALSE,TRUE,TRUE,TRUE,FALSE,TRUE,TRUE,TRUE,FALSE,TRUE,120,14:00,12:00
236,Rooms Hotel Semey,Semey,central,1,"11,5",24000,Standard Double Room,TRUE,"8,3","8,6","8,4","8,1",8,"8,4","8,3","8,2",40,0,TRUE,TRUE,TRUE,TRUE,FALSE,FALSE,FALSE,FALSE,FALSE,FALSE,FALSE,TRUE,TRUE,TRUE,FALSE,TRUE,90,14:00,12:00
237,Semey Hotel,Semey,city_center,"0,5","10,5",17000,Standard Twin Room,TRUE,"7,4","7,8","7,2",7,"6,9","8,7","7,6","7,3",120,0,TRUE,TRUE,TRUE,FALSE,FALSE,FALSE,FALSE,TRUE,TRUE,TRUE,FALSE,TRUE,TRUE,TRUE,FALSE,TRUE,85,14:00,12:00
238,Hotel Nomad Semey,Semey,central,"1,2","11,5",28000,Standard Double Room,TRUE,"8,2","8,6","8,3","8,1",8,8,"8,1","8,2",50,3,TRUE,TRUE,TRUE,TRUE,TRUE,TRUE,TRUE,TRUE,TRUE,TRUE,TRUE,TRUE,TRUE,TRUE,TRUE,TRUE,130,14:00,12:00
239,Mini Hotel VIP,Semey,residential,"2,5","12,5",19000,Standard Double Room,TRUE,"7,8","8,3","7,9","7,6","7,4","7,3","8,2","7,7",20,2,TRUE,FALSE,TRUE,TRUE,FALSE,FALSE,FALSE,FALSE,FALSE,FALSE,FALSE,FALSE,TRUE,FALSE,FALSE,FALSE,30,13:00,11:00
240,Hotel Europa Semey,Semey,subcentral,"3,1",16,24000,Standard Double Room,TRUE,8,"8,4","8,1","7,9","7,8","7,6","8,2",8,35,3,TRUE,TRUE,TRUE,TRUE,FALSE,FALSE,FALSE,TRUE,FALSE,TRUE,FALSE,TRUE,TRUE,TRUE,FALSE,FALSE,45,14:00,12:00
241,Binar Hotel,Semey,central,"1,5",15,27000,Standard Double Room,TRUE,"8,1","8,5","8,2",8,"7,9",8,"8,1","8,1",40,0,TRUE,TRUE,TRUE,TRUE,FALSE,FALSE,FALSE,TRUE,TRUE,TRUE,FALSE,TRUE,TRUE,TRUE,FALSE,TRUE,55,14:00,12:00
242,Turist Hotel Semey,Semey,city_center,"0,7","12,5",19000,Standard Twin Room,TRUE,"7,6",8,"7,5","7,2","7,1","8,5","7,9","7,4",90,3,TRUE,TRUE,TRUE,FALSE,FALSE,FALSE,FALSE,TRUE,TRUE,TRUE,FALSE,TRUE,TRUE,TRUE,FALSE,TRUE,70,14:00,12:00
243,Aigerim Hotel,Semey,residential,"2,8","13,8",23000,Standard Double Room,TRUE,8,"8,4",8,"7,8","7,7","7,5","8,2",8,30,3,TRUE,FALSE,TRUE,TRUE,FALSE,FALSE,FALSE,FALSE,FALSE,FALSE,FALSE,FALSE,TRUE,FALSE,FALSE,FALSE,25,13:00,11:00
244,Millenium Hotel Semey,Semey,subcentral,3,"14,5",27000,Standard Double Room,TRUE,"8,1","8,5","8,3",8,"7,9","7,8","8,2","8,1",40,0,TRUE,TRUE,TRUE,TRUE,FALSE,FALSE,FALSE,TRUE,TRUE,TRUE,FALSE,TRUE,TRUE,TRUE,FALSE,TRUE,50,14:00,12:00
245,Selfie Grand Hotel,Semey,city_center,"0,9","16,5",29000,Standard Double Room,TRUE,"8,5","8,8","8,6","8,4","8,3","8,6","8,3","8,4",55,4,TRUE,TRUE,TRUE,TRUE,FALSE,TRUE,TRUE,TRUE,TRUE,TRUE,TRUE,TRUE,TRUE,TRUE,FALSE,TRUE,95,14:00,12:00
246,Semey-City Hotel,Semey,subcentral,"3,5",13,23000,Standard Double Room,TRUE,"7,9","8,3",8,"7,7","7,6","7,3","8,1","7,9",45,3,TRUE,FALSE,TRUE,TRUE,FALSE,FALSE,FALSE,FALSE,FALSE,FALSE,FALSE,TRUE,TRUE,TRUE,FALSE,FALSE,40,13:00,12:00
247,BM Hotel Semey,Semey,residential,"3,2","12,8",44000,Standard Twin Room,TRUE,"7,8","8,2","7,9","7,6","7,4","7,2","8,1","7,8",30,0,TRUE,TRUE,TRUE,TRUE,FALSE,FALSE,FALSE,TRUE,FALSE,TRUE,FALSE,FALSE,TRUE,TRUE,FALSE,FALSE,28,13:00,11:00
248,Grand Hotel Semey,Semey,city_center,"0,6","10,7",27000,Standard Double Room,TRUE,"8,2","8,6","8,3","8,1",8,"8,7","8,1","8,2",60,4,TRUE,TRUE,FALSE,TRUE,FALSE,TRUE,TRUE,TRUE,TRUE,TRUE,TRUE,TRUE,TRUE,TRUE,FALSE,TRUE,75,14:00,12:00
249,Eastwood Hotel & Resort,Semey,outskirts,6,"9,5",33000,Standard Double Room,TRUE,"8,3","8,6","8,4","8,3","8,2","7,8",8,"8,1",50,4,TRUE,TRUE,TRUE,TRUE,TRUE,TRUE,TRUE,TRUE,TRUE,TRUE,TRUE,TRUE,TRUE,TRUE,TRUE,TRUE,60,14:00,12:00
250,Turan Semey Grand,Semey,subcentral,4,"10,8",28000,Standard Double Room,TRUE,8,"8,4","8,1","7,9","7,8","7,5","8,3",8,45,0,TRUE,TRUE,TRUE,TRUE,FALSE,FALSE,FALSE,TRUE,FALSE,TRUE,FALSE,TRUE,TRUE,TRUE,FALSE,FALSE,48,14:00,12:00
251,Inn Alina,Semey,residential,"3,8","12,3",28000,Standard Double Room,FALSE,"7,7","8,2","7,8","7,4","7,3",7,"8,2","7,8",24,2,TRUE,FALSE,TRUE,TRUE,FALSE,FALSE,FALSE,FALSE,FALSE,FALSE,FALSE,FALSE,TRUE,FALSE,FALSE,FALSE,20,13:00,11:00
252,Karavan Hostel Semey,Semey,budget,"1,3","12,5",11000,Bed in Mixed Dormitory Room,FALSE,"8,1","8,6","7,9","7,4","7,3","8,4","8,8","8,2",26,0,TRUE,FALSE,FALSE,FALSE,FALSE,FALSE,FALSE,FALSE,FALSE,FALSE,FALSE,FALSE,TRUE,FALSE,FALSE,FALSE,35,13:00,11:00
253,Khostel Semei,Semey,budget,2,"13,6",35600,Bed in Female Dormitory Room,FALSE,"7,9","8,4","7,8","7,3","7,2","7,8","8,5",8,7,1,TRUE,FALSE,FALSE,FALSE,FALSE,FALSE,FALSE,FALSE,FALSE,FALSE,FALSE,FALSE,TRUE,FALSE,FALSE,FALSE,22,13:00,11:00
254,Dedeman Oskemen Tavros Hotel,Oskemen,city_center,"0,5",12,38000,Standard Double Room,TRUE,9,"9,2","9,1",9,"8,8","9,4","8,5","8,8",133,4,TRUE,TRUE,TRUE,TRUE,FALSE,TRUE,TRUE,TRUE,TRUE,TRUE,TRUE,TRUE,TRUE,TRUE,FALSE,TRUE,200,14:00,12:00
255,Best Western Plus Oskemen,Oskemen,central,"0,8","11,5",35000,Standard Double Room,TRUE,"8,7","8,8","8,6","8,7","8,3","8,9","8,2","8,5",90,3,TRUE,TRUE,TRUE,TRUE,FALSE,FALSE,TRUE,TRUE,TRUE,TRUE,TRUE,TRUE,TRUE,TRUE,FALSE,TRUE,150,14:00,12:00
256,Shiny River Hotel,Oskemen,riverfront,"1,2",13,28000,Standard Double Room,TRUE,8,"8,4",8,"7,9","7,8","8,5","7,8",8,60,3,TRUE,TRUE,TRUE,TRUE,FALSE,FALSE,FALSE,TRUE,TRUE,TRUE,FALSE,TRUE,TRUE,FALSE,FALSE,TRUE,60,14:00,12:00
257,City Hotel Oskemen,Oskemen,central,1,"12,5",22000,Standard Double Room,TRUE,"8,1","8,3","8,2",8,"7,7","8,4",8,"7,9",45,3,TRUE,TRUE,TRUE,TRUE,FALSE,FALSE,FALSE,TRUE,FALSE,TRUE,FALSE,TRUE,TRUE,TRUE,FALSE,TRUE,40,14:00,12:00
258,De Luxe Hotel,Oskemen,near_center,"1,5",14,20000,Standard Double Room,TRUE,"7,5","7,8","7,6","7,4",7,"7,8","7,5","7,2",35,0,TRUE,TRUE,TRUE,TRUE,FALSE,FALSE,FALSE,TRUE,TRUE,FALSE,FALSE,TRUE,TRUE,FALSE,FALSE,FALSE,30,13:00,12:00
259,Sunrise Hotel,Oskemen,residential,3,16,18000,Standard Double Room,TRUE,"8,5","8,7","8,6","8,3",8,"7,9","8,6","8,2",25,3,TRUE,TRUE,TRUE,TRUE,FALSE,FALSE,FALSE,TRUE,FALSE,TRUE,FALSE,TRUE,TRUE,TRUE,FALSE,FALSE,20,14:00,12:00
261,Phorto Bella Hotel,Oskemen,central,"1,3","13,5",26000,Standard Double Room,TRUE,"9,2","9,5","9,3",9,"8,8",9,9,"8,9",20,3,TRUE,TRUE,TRUE,TRUE,FALSE,FALSE,FALSE,FALSE,FALSE,FALSE,FALSE,FALSE,TRUE,TRUE,FALSE,FALSE,10,13:00,12:00
262,Galirad Hotel,Oskemen,near_center,"2,5","15,5",19000,Standard Double Room,TRUE,8,"8,3","8,1","7,8","7,5","7,9","8,1","7,8",30,0,TRUE,TRUE,TRUE,TRUE,FALSE,FALSE,FALSE,TRUE,FALSE,FALSE,FALSE,TRUE,TRUE,FALSE,FALSE,FALSE,15,14:00,12:00
263,Ainaline Hotel,Oskemen,central,"1,1","13,2",21000,Standard Double Room,TRUE,"8,3","8,6","8,4","8,2",8,"8,4","8,3","8,1",28,3,TRUE,TRUE,TRUE,TRUE,FALSE,FALSE,FALSE,TRUE,FALSE,TRUE,FALSE,TRUE,TRUE,TRUE,FALSE,TRUE,22,14:00,12:00
264,Hotel Irtysh,Oskemen,riverfront,"1,4","13,8",23000,Standard Double Room,TRUE,"7,8",8,"7,9","7,6","7,4","8,2","7,7","7,5",70,0,TRUE,TRUE,TRUE,FALSE,FALSE,FALSE,FALSE,TRUE,TRUE,TRUE,FALSE,TRUE,TRUE,FALSE,FALSE,TRUE,50,13:00,12:00
265,7 Boutique Hotel,Oskemen,near_center,"2,2","14,5",24000,Standard Double Room,TRUE,"8,9","9,1",9,"8,8","8,5","8,6","8,7","8,6",18,0,TRUE,TRUE,TRUE,TRUE,FALSE,FALSE,FALSE,FALSE,FALSE,TRUE,FALSE,TRUE,TRUE,TRUE,FALSE,FALSE,35,14:00,12:00
266,Royal B Hotel,Oskemen,residential,4,17,19000,Standard Double Room,TRUE,"8,2","8,5","8,3",8,"7,8","7,6","8,4",8,32,0,TRUE,TRUE,TRUE,TRUE,FALSE,FALSE,FALSE,TRUE,FALSE,TRUE,FALSE,TRUE,TRUE,FALSE,FALSE,TRUE,18,14:00,12:00
267,Fotofabrika Guest House,Oskemen,creative_district,"2,8","15,8",25000,Studio,TRUE,"9,1","9,3","9,2",9,"8,8","8,7",9,"8,9",10,0,TRUE,FALSE,TRUE,TRUE,FALSE,FALSE,FALSE,FALSE,FALSE,FALSE,FALSE,FALSE,TRUE,TRUE,FALSE,FALSE,12,13:00,12:00
268,Ust-Kamenogorsk Hotel,Oskemen,central,"0,9","12,8",17000,Standard Double Room,TRUE,"7,4","7,6","7,5","7,2",7,8,"7,6","7,3",80,0,TRUE,TRUE,TRUE,FALSE,FALSE,FALSE,FALSE,TRUE,TRUE,FALSE,FALSE,TRUE,FALSE,FALSE,FALSE,TRUE,40,13:00,12:00
269,Sport Hotel Terra,Oskemen,sports_complex,5,18,16000,Standard Double Room,TRUE,"7,9","8,2","7,9","7,7","7,8",7,"8,2","7,8",36,3,TRUE,TRUE,TRUE,FALSE,FALSE,FALSE,TRUE,TRUE,FALSE,FALSE,FALSE,TRUE,TRUE,TRUE,FALSE,FALSE,18,14:00,12:00
270,Mereke Hotel,Oskemen,residential,"3,5","16,5",15000,Standard Double Room,TRUE,"7,6","7,9","7,7","7,4","7,2","7,1","7,9","7,5",22,2,TRUE,TRUE,TRUE,FALSE,FALSE,FALSE,FALSE,TRUE,FALSE,FALSE,FALSE,TRUE,TRUE,FALSE,FALSE,FALSE,14,13:00,12:00
271,Royal BV Hotel,Oskemen,near_center,"2,3","15,2",21000,Standard Double Room,TRUE,"8,4","8,6","8,5","8,2",8,"8,1","8,4","8,2",26,3,TRUE,TRUE,TRUE,TRUE,FALSE,FALSE,FALSE,TRUE,FALSE,TRUE,FALSE,TRUE,TRUE,TRUE,FALSE,TRUE,20,14:00,12:00
272,Aigerim Hotel,Oskemen,near_center,"2,7","15,7",17000,Standard Double Room,TRUE,"7,8","8,1","7,9","7,6","7,4","7,8",8,"7,6",24,0,TRUE,TRUE,TRUE,FALSE,FALSE,FALSE,FALSE,TRUE,FALSE,FALSE,FALSE,TRUE,TRUE,FALSE,FALSE,FALSE,16,13:00,12:00
273,Nur-Bulak Hotel,Oskemen,residential,"4,2","17,2",14000,Standard Double Room,TRUE,7,"9,2","7,1","6,8","6,6","6,9","7,4",7,18,2,TRUE,TRUE,TRUE,FALSE,FALSE,FALSE,FALSE,TRUE,FALSE,FALSE,FALSE,FALSE,TRUE,FALSE,FALSE,FALSE,8,13:00,12:00
274,Elite Apart-Hotel,Astana,Central,"4,9",13,29000,Studio Apartment,TRUE,"8,8","9,2","8,7","8,8","8,8","9,5","8,8","8,5",38,4,TRUE,FALSE,TRUE,TRUE,FALSE,FALSE,FALSE,FALSE,FALSE,FALSE,FALSE,TRUE,TRUE,TRUE,FALSE,TRUE,1106,14:00,12:00
275,Aykun Hotel By Ag Hotels Group,Astana,Left Bank,6,12,38220,Standard Double Room,TRUE,"8,8","9,1","8,9","8,8","8,7",9,"8,7","8,8",31,4,TRUE,TRUE,TRUE,TRUE,FALSE,TRUE,TRUE,TRUE,TRUE,TRUE,TRUE,TRUE,TRUE,TRUE,FALSE,TRUE,1061,14:00,12:00
276,Torgay Hotel,Astana,Central,"3,4",16,14000,Standard Single Room,TRUE,"8,5",9,"8,6","8,8","8,6",9,"8,9","8,8",37,3,TRUE,TRUE,TRUE,TRUE,FALSE,FALSE,FALSE,FALSE,TRUE,TRUE,TRUE,TRUE,TRUE,FALSE,FALSE,TRUE,453,14:00,12:00
277,O'Azamat Hotel,Astana,Old Town,15,0,15000,Double Room,TRUE,8,"8,4","8,7",0,"8,1","7,3","8,5",0,80,3,TRUE,TRUE,TRUE,TRUE,FALSE,FALSE,FALSE,TRUE,TRUE,TRUE,TRUE,TRUE,TRUE,TRUE,FALSE,TRUE,33,14:00,12:00
278,Saad Hotel Astana,Astana,Central,"4,4",14,47500,Deluxe Room,TRUE,"8,6","8,8","8,7","8,7","8,6","9,3","8,4","8,2",271,5,TRUE,TRUE,TRUE,TRUE,TRUE,TRUE,TRUE,TRUE,TRUE,TRUE,TRUE,TRUE,TRUE,TRUE,FALSE,TRUE,3527,15:00,12:00
279,Maxx Inn,Astana,Saryarka,6,12,22800,Standard Double Room,TRUE,"8,5",9,"8,7","8,5","8,4","8,9","8,8","8,8",16,0,TRUE,TRUE,TRUE,TRUE,FALSE,FALSE,FALSE,TRUE,TRUE,TRUE,TRUE,TRUE,TRUE,TRUE,FALSE,TRUE,807,14:00,12:00
280,Diplomat Hotel By Ag Hotels Group,Astana,Business,"3,9",13,41000,Standard Double Room,TRUE,"7,5","8,3","7,4","7,6","7,4","9,2","7,5","7,7",77,4,TRUE,TRUE,TRUE,TRUE,TRUE,TRUE,TRUE,TRUE,TRUE,TRUE,FALSE,TRUE,TRUE,FALSE,FALSE,TRUE,1413,14:00,12:00
281,Hotel Monaco,Astana,Central,"2,8",14,28900,Superior Double,TRUE,"7,6","8,3","7,7","7,8","7,6","8,9","7,7","9,1",42,4,TRUE,TRUE,TRUE,TRUE,FALSE,FALSE,FALSE,TRUE,TRUE,TRUE,FALSE,TRUE,TRUE,TRUE,FALSE,TRUE,731,14:00,12:00
282,Sky Luxe Hotel Astana,Astana,Expo Area,"2,3",21,18900,Standard Double Room,TRUE,0,0,0,0,0,0,0,0,11,0,TRUE,TRUE,TRUE,TRUE,FALSE,FALSE,FALSE,FALSE,TRUE,FALSE,TRUE,TRUE,TRUE,TRUE,FALSE,TRUE,0,14:00,12:00
283,Ramada by Wyndham Astana,Astana,Central,"0,9",19,70000,Standard Queen,TRUE,9,"9,1","9,2","9,2","9,1","8,9","8,8","9,1",82,4,TRUE,TRUE,TRUE,TRUE,TRUE,FALSE,TRUE,TRUE,TRUE,TRUE,TRUE,TRUE,TRUE,TRUE,FALSE,TRUE,1416,14:00,11:00
284,Reikartz Park Astana,Astana,Park Area,6,11,34100,Comfort Double Room,TRUE,"7,7","8,3","7,8","7,8","7,6","8,8","7,8","7,7",69,4,TRUE,TRUE,TRUE,TRUE,FALSE,FALSE,FALSE,TRUE,TRUE,TRUE,TRUE,TRUE,TRUE,TRUE,FALSE,TRUE,1002,14:00,12:00
285,The Veil Hotel,Astana,Government District,"3,1",14,74500,Standard Room,TRUE,"9,1","9,2","9,2","9,3",9,"9,1","8,9","8,5",33,5,TRUE,TRUE,TRUE,TRUE,FALSE,TRUE,FALSE,TRUE,TRUE,TRUE,TRUE,TRUE,TRUE,TRUE,FALSE,TRUE,1505,15:00,12:00
286,Soluxe Hotel Astana,Astana,Expo,"4,8",12,63751,Deluxe Double Room,TRUE,"8,9","9,1",9,"9,1","8,9","9,5","8,7","8,3",181,5,TRUE,TRUE,TRUE,TRUE,TRUE,TRUE,TRUE,TRUE,TRUE,TRUE,TRUE,TRUE,TRUE,TRUE,FALSE,TRUE,1184,14:00,12:00
287,Hotel G Empire,Astana,Business,"0,6",18,13600,Standard Double Room,TRUE,"7,8","8,5","7,8","7,7","7,7","8,1",8,"7,1",76,5,TRUE,TRUE,TRUE,TRUE,FALSE,FALSE,FALSE,FALSE,FALSE,FALSE,FALSE,TRUE,TRUE,TRUE,FALSE,TRUE,1194,14:00,12:00
288,Red Village Hotel,Astana,Outskirts,5,16,25650,Standard Double Room,TRUE,"8,4","8,7","8,3","8,4","8,2","8,1","8,4",9,33,4,TRUE,TRUE,TRUE,TRUE,FALSE,FALSE,FALSE,TRUE,TRUE,TRUE,TRUE,TRUE,TRUE,TRUE,TRUE,FALSE,353,13:00,12:00
289,Inn Ozz Astana,Astana,Central,"4,3",15,23000,Standard Twin Room,TRUE,"8,9","9,1",9,9,"8,8","8,8",9,"8,3",57,3,TRUE,TRUE,TRUE,TRUE,FALSE,FALSE,FALSE,TRUE,FALSE,TRUE,TRUE,TRUE,TRUE,FALSE,FALSE,TRUE,1271,14:00,12:00
290,Alau Hotel,Astana,Sports District,7,11,32000,Standard Double Room,TRUE,"8,5",9,"8,8","8,9","8,5","9,1","8,6","8,9",47,3,TRUE,TRUE,TRUE,TRUE,FALSE,FALSE,TRUE,TRUE,TRUE,FALSE,FALSE,TRUE,TRUE,TRUE,FALSE,TRUE,368,14:00,12:00
291,Port Inn Hotel ,Astana,Airport ,16,0,50000,Luxe,TRUE,"7,6","8,1","7,3","7,8","7,4","9,2","7,2","7,7",12,3,TRUE,TRUE,TRUE,TRUE,FALSE,FALSE,FALSE,FALSE,FALSE,TRUE,FALSE,TRUE,TRUE,TRUE,FALSE,FALSE,657,15:00,12:00
292,Five'S Hotel Astana,Astana,Outskirts,9,8,61750,Deluxe Double Room,TRUE,"7,2","7,8","7,8","8,3","7,8","7,8","6,5",0,6,4,TRUE,TRUE,TRUE,TRUE,FALSE,FALSE,FALSE,TRUE,TRUE,FALSE,TRUE,TRUE,TRUE,TRUE,FALSE,TRUE,8,14:00,12:00
293,Kazzhol Hotel Astana,Astana,Central,"4,2",14,52250,Standard Double Room,TRUE,"8,3","8,7","8,5","8,5","8,3","8,2","8,1","7,9",71,4,TRUE,TRUE,TRUE,TRUE,TRUE,FALSE,TRUE,TRUE,TRUE,TRUE,TRUE,TRUE,TRUE,TRUE,FALSE,TRUE,319,14:00,12:00
294,Alanda Hotel,Astana,Left Bank,"3,5",15,46500,Standard Double Room,TRUE,"8,4","8,6","8,5","8,8","8,3","8,7","8,3","7,4",61,4,TRUE,TRUE,TRUE,TRUE,FALSE,FALSE,TRUE,TRUE,TRUE,TRUE,TRUE,TRUE,TRUE,TRUE,FALSE,TRUE,741,14:00,12:00
295,Absolute Hotel,Astana,Central,"1,8",21,28000,Standard Single Room,TRUE,"8,2","8,5","8,5","8,4","8,1","7,9","8,4","8,6",44,4,TRUE,TRUE,TRUE,TRUE,TRUE,TRUE,FALSE,FALSE,TRUE,TRUE,TRUE,TRUE,TRUE,FALSE,FALSE,TRUE,482,14:00,12:00
296,Boutique Hotel Traditional,Astana,Left Bank,"3,5",16,36000,Deluxe Double Room,TRUE,"9,2","9,5","9,2","9,3",9,"9,6","9,1","9,5",22,4,TRUE,TRUE,TRUE,TRUE,FALSE,FALSE,FALSE,TRUE,TRUE,TRUE,TRUE,TRUE,TRUE,FALSE,FALSE,TRUE,575,14:00,12:00
297,Belon Life Hotel,Astana,Outskirts,"3,5",17,20700,Standard Double Room,TRUE,"8,1","8,5",8,8,"7,9","8,1","8,3","8,9",14,4,TRUE,TRUE,TRUE,TRUE,FALSE,TRUE,TRUE,FALSE,FALSE,FALSE,FALSE,TRUE,TRUE,TRUE,FALSE,TRUE,499,13:00,12:00
298,Brown Hotel,Astana,Central,"0,2",17,20740,Standard Double Room,TRUE,"8,7","8,9","8,9","8,8","8,4","8,8","8,4","8,5",17,3,TRUE,TRUE,TRUE,TRUE,FALSE,FALSE,FALSE,FALSE,FALSE,FALSE,FALSE,TRUE,TRUE,FALSE,FALSE,FALSE,451,14:00,12:00
299,Vintage Boutique Hotel,Astana,Old Town,"3,7",15,20930,Deluxe Double Room,TRUE,"8,1","8,4","8,4","8,3","8,3","8,6","8,2",0,6,0,TRUE,TRUE,TRUE,TRUE,TRUE,FALSE,FALSE,TRUE,TRUE,TRUE,FALSE,TRUE,TRUE,FALSE,FALSE,FALSE,67,14:00,12:00
300,Altyn Dala Hotel,Astana,Administrative,"1,5",19,16200,Standard Double Room,TRUE,"6,3","7,8","6,3","6,3","6,1","8,1","6,8","6,6",66,4,TRUE,TRUE,TRUE,TRUE,FALSE,FALSE,FALSE,TRUE,TRUE,TRUE,FALSE,TRUE,TRUE,TRUE,FALSE,TRUE,196,14:00,12:00
301,Orynbor Boutique Hotel,Astana,Expo,8,9,25000,Standard Single Room,TRUE,"8,5","8,9","8,5","8,5","8,2",9,"8,2","8,5",8,3,TRUE,TRUE,TRUE,TRUE,FALSE,FALSE,FALSE,FALSE,FALSE,FALSE,TRUE,TRUE,TRUE,TRUE,FALSE,TRUE,247,14:00,12:00
302,Diamond Hotel Shymkent,Shymkent,central,"1,2",14,28000,standard_double,TRUE,9,"9,1","9,1","9,3","9,2",9,9,"9,1",45,4,TRUE,TRUE,TRUE,TRUE,FALSE,FALSE,FALSE,TRUE,TRUE,TRUE,TRUE,TRUE,TRUE,TRUE,FALSE,TRUE,320,14:00,12:00
303,Shymkent Park Hotel,Shymkent,central,"0,9",13,31000,standard_double,TRUE,"9,2","9,2","9,3","9,4","9,2","9,2","9,3","8,4",60,4,TRUE,TRUE,TRUE,TRUE,TRUE,TRUE,TRUE,TRUE,TRUE,TRUE,FALSE,TRUE,TRUE,TRUE,FALSE,TRUE,210,14:00,12:00
304,Hotel Marjan,Shymkent,near_center,"2,5",12,20000,standard_double,TRUE,"8,9","8,7","8,9",9,"8,6","8,7","8,9",9,35,3,TRUE,TRUE,TRUE,TRUE,FALSE,FALSE,FALSE,TRUE,FALSE,TRUE,FALSE,TRUE,TRUE,TRUE,FALSE,FALSE,150,13:00,12:00
305,Al Bustan Park Hotel,Shymkent,near_center,"3,9",10,26000,standard_double,TRUE,"8,9","9,1","8,9","8,9","8,8","8,5",9,0,50,4,TRUE,TRUE,TRUE,TRUE,TRUE,FALSE,TRUE,TRUE,TRUE,TRUE,TRUE,TRUE,TRUE,TRUE,FALSE,TRUE,190,14:00,12:00
306,Sary Arka Hotel,Shymkent,near_center,"2,8",12,24000,standard_double,TRUE,"8,6","8,8","8,6","8,6","8,5","8,6",9,"7,1",70,4,TRUE,TRUE,TRUE,TRUE,TRUE,TRUE,TRUE,TRUE,TRUE,TRUE,FALSE,TRUE,TRUE,TRUE,FALSE,TRUE,260,14:00,12:00
307,Cannes Hotel Shymkent,Shymkent,residential,"3,9",10,18000,standard_double,TRUE,"9,1","9,4","9,3","9,3",9,"9,6","9,3","9,4",30,3,TRUE,TRUE,TRUE,TRUE,FALSE,FALSE,FALSE,TRUE,FALSE,TRUE,FALSE,TRUE,TRUE,FALSE,FALSE,FALSE,95,13:00,12:00
308,AQ MiniHotel,Shymkent,central,"1,5",14,16000,standard_double,TRUE,"9,5","9,6","9,6","9,6","9,6","9,1","9,6",0,22,3,TRUE,TRUE,TRUE,TRUE,FALSE,FALSE,FALSE,FALSE,FALSE,FALSE,FALSE,TRUE,TRUE,TRUE,FALSE,FALSE,140,14:00,12:00
309,Altair Hotel Shymkent,Shymkent,new_district,"3,5",11,21000,standard_double,TRUE,"7,6",7,10,0,0,6,0,0,55,3,TRUE,TRUE,TRUE,TRUE,FALSE,FALSE,TRUE,TRUE,FALSE,TRUE,FALSE,TRUE,TRUE,TRUE,FALSE,TRUE,170,14:00,12:00
310,Altair Mini Hotel,Shymkent,new_district,4,10,15000,standard_double,TRUE,"7,4",10,6,0,6,4,8,0,20,2,TRUE,FALSE,TRUE,TRUE,FALSE,FALSE,FALSE,FALSE,FALSE,FALSE,FALSE,TRUE,TRUE,FALSE,FALSE,FALSE,65,13:00,12:00
311,Bellagio Hotel Shymkent,Shymkent,residential,"3,5",11,19000,standard_double,TRUE,"8,9","9,3",10,"7,2",10,10,"0,3",0,38,3,TRUE,TRUE,TRUE,TRUE,FALSE,FALSE,FALSE,TRUE,TRUE,TRUE,FALSE,TRUE,TRUE,TRUE,FALSE,TRUE,80,14:00,12:00
312,Ayanat Hotel,Shymkent,near_center,"3,2","13,5",19000,standard_double,TRUE,"8,7","8,7","8,1","8,1","8,7","8,9","8,3",0,32,3,TRUE,TRUE,TRUE,TRUE,FALSE,FALSE,FALSE,TRUE,FALSE,TRUE,FALSE,TRUE,TRUE,TRUE,FALSE,FALSE,120,14:00,12:00
313,Ai Aru Hotel,Shymkent,residential,"6,5","6,2",17000,standard_double,FALSE,"8,3","8,7","8,5","8,5","9,3","7,6","8,5",0,26,3,TRUE,TRUE,TRUE,TRUE,FALSE,FALSE,FALSE,TRUE,FALSE,FALSE,FALSE,FALSE,TRUE,TRUE,FALSE,FALSE,90,13:00,12:00
314,Lafayette Hotel,Shymkent,central,"1,5",14,25000,standard_double,TRUE,"6,6",8,10,6,0,6,10,0,48,4,TRUE,TRUE,TRUE,TRUE,FALSE,FALSE,TRUE,TRUE,TRUE,TRUE,TRUE,TRUE,TRUE,TRUE,FALSE,TRUE,210,14:00,12:00
315,Askar Hotel,Shymkent,near_center,"3,9",10,15500,standard_double,FALSE,"7,2","7,9","7,4","7,5","7,4","8,6","7,5","8,2",24,2,TRUE,FALSE,TRUE,TRUE,FALSE,FALSE,FALSE,FALSE,FALSE,FALSE,FALSE,FALSE,TRUE,FALSE,FALSE,FALSE,40,13:00,12:00
316,OrdaBasy Hotel,Shymkent,central,"0,9",13,20000,standard_double,TRUE,"3,6","4,9","5,3","5,1",0,"6,6","5,5",0,42,3,TRUE,TRUE,TRUE,TRUE,FALSE,FALSE,FALSE,TRUE,TRUE,TRUE,FALSE,TRUE,TRUE,TRUE,FALSE,TRUE,115,14:00,12:00
317,Bellagio Boutique Inn,Shymkent,residential,"4,9","9,5",18500,standard_double,FALSE,"8,9","9,3",10,"7,2",10,10,"9,3",0,18,3,TRUE,TRUE,TRUE,TRUE,FALSE,FALSE,FALSE,FALSE,FALSE,FALSE,FALSE,FALSE,TRUE,FALSE,FALSE,FALSE,55,13:00,12:00
318,Imran Plaza Hotel,Shymkent,new_district,"3,5",11,22000,standard_double,TRUE,"3,3","6,7","4,2",5,"3,3","6,7",5,0,44,3,TRUE,TRUE,TRUE,TRUE,FALSE,FALSE,TRUE,TRUE,TRUE,TRUE,TRUE,TRUE,TRUE,TRUE,FALSE,TRUE,130,14:00,12:00